ID;Categoria;Credito;Entrada;Prazo;Parcela;Administradora;Fundo;Taxa;Seguro;Pago;Disponibilidade;Link_Whats
9015;Imóvel;R$ 1.349.854,90;R$ 662.600,00;231;R$ 7.200,48;HS;-;R$ 19.283,64;R$ 914,82;R$ 3.487,05;Reservada;https://wa.me/5517996482578?text=Ol%C3%A1%20Martins%21%20Vi%20no%20site%20a%20carta%20de%20Im%C3%B3vel%20%28ID%3A%209015%29%20com%20Cr%C3%A9dito%20de%20R%24%201.349.854%2C90%20e%20Entrada%20de%20R%24%20662.600%2C00.%20Ainda%20est%C3%A1%20dispon%C3%ADvel%3F
9253;Imóvel;R$ 1.349.431,24;R$ 662.250,00;188;R$ 8.176,28;HS;-;R$ 19.277,59;R$ 845,43;R$ 109.104,43;Reservada;https://wa.me/5517996482578?text=Ol%C3%A1%20Martins%21%20Vi%20no%20site%20a%20carta%20de%20Im%C3%B3vel%20%28ID%3A%209253%29%20com%20Cr%C3%A9dito%20de%20R%24%201.349.431%2C24%20e%20Entrada%20de%20R%24%20662.250%2C00.%20Ainda%20est%C3%A1%20dispon%C3%ADvel%3F
9035;Imóvel;R$ 1.079.692,57;R$ 527.840,00;198;R$ 6.433,52;HS;-;R$ 15.424,18;R$ 700,61;R$ 34.594,00;Reservada;https://wa.me/5517996482578?text=Ol%C3%A1%20Martins%21%20Vi%20no%20site%20a%20carta%20de%20Im%C3%B3vel%20%28ID%3A%209035%29%20com%20Cr%C3%A9dito%20de%20R%24%201.079.692%2C57%20e%20Entrada%20de%20R%24%20527.840%2C00.%20Ainda%20est%C3%A1%20dispon%C3%ADvel%3F
9179;Imóvel;R$ 828.986,26;R$ 400.780,00;171;R$ 5.921,81;HS;-;R$ 11.842,66;R$ 556,95;R$ 109.602,15;Reservada;https://wa.me/5517996482578?text=Ol%C3%A1%20Martins%21%20Vi%20no%20site%20a%20carta%20de%20Im%C3%B3vel%20%28ID%3A%209179%29%20com%20Cr%C3%A9dito%20de%20R%24%20828.986%2C26%20e%20Entrada%20de%20R%24%20400.780%2C00.%20Ainda%20est%C3%A1%20dispon%C3%ADvel%3F
9207;Imóvel;R$ 782.322,38;R$ 379.842,00;195;R$ 5.002,19;HS;-;R$ 11.176,03;R$ 536,48;R$ 45.891,08;Reservada;https://wa.me/5517996482578?text=Ol%C3%A1%20Martins%21%20Vi%20no%20site%20a%20carta%20de%20Im%C3%B3vel%20%28ID%3A%209207%29%20com%20Cr%C3%A9dito%20de%20R%24%20782.322%2C38%20e%20Entrada%20de%20R%24%20379.842%2C00.%20Ainda%20est%C3%A1%20dispon%C3%ADvel%3F
9034;Imóvel;R$ 581.438,77;R$ 285.820,00;180;R$ 3.939,92;HS;-;R$ 8.306,27;R$ 390,05;R$ 3.234,88;Reservada;https://wa.me/5517996482578?text=Ol%C3%A1%20Martins%21%20Vi%20no%20site%20a%20carta%20de%20Im%C3%B3vel%20%28ID%3A%209034%29%20com%20Cr%C3%A9dito%20de%20R%24%20581.438%2C77%20e%20Entrada%20de%20R%24%20285.820%2C00.%20Ainda%20est%C3%A1%20dispon%C3%ADvel%3F
9093;Imóvel;R$ 567.550,59;R$ 277.470,00;174;R$ 3.708,37;HS;-;R$ 8.107,87;R$ 354,89;R$ 46.958,31;Reservada;https://wa.me/5517996482578?text=Ol%C3%A1%20Martins%21%20Vi%20no%20site%20a%20carta%20de%20Im%C3%B3vel%20%28ID%3A%209093%29%20com%20Cr%C3%A9dito%20de%20R%24%20567.550%2C59%20e%20Entrada%20de%20R%24%20277.470%2C00.%20Ainda%20est%C3%A1%20dispon%C3%ADvel%3F
5044;Veículo;R$ 551.949,15;R$ 279.900,00;70;R$ 8.823,83;HS;-;R$ 7.884,99;R$ 543,55;R$ 7.072,01;Reservada;https://wa.me/5517996482578?text=Ol%C3%A1%20Martins%21%20Vi%20no%20site%20a%20carta%20de%20Ve%C3%ADculo%20%28ID%3A%205044%29%20com%20Cr%C3%A9dito%20de%20R%24%20551.949%2C15%20e%20Entrada%20de%20R%24%20279.900%2C00.%20Ainda%20est%C3%A1%20dispon%C3%ADvel%3F
9442;Imóvel;R$ 540.994,12;R$ 263.848,00;205;R$ 3.333,31;HS;-;R$ 7.728,49;R$ 375,83;R$ 25.434,19;Disponível;https://wa.me/5517996482578?text=Ol%C3%A1%20Martins%21%20Vi%20no%20site%20a%20carta%20de%20Im%C3%B3vel%20%28ID%3A%209442%29%20com%20Cr%C3%A9dito%20de%20R%24%20540.994%2C12%20e%20Entrada%20de%20R%24%20263.848%2C00.%20Ainda%20est%C3%A1%20dispon%C3%ADvel%3F
9219;Imóvel;R$ 530.821,58;R$ 261.605,00;201;R$ 3.111,05;HS;-;R$ 7.583,17;R$ 343,93;R$ 24.233,70;Reservada;https://wa.me/5517996482578?text=Ol%C3%A1%20Martins%21%20Vi%20no%20site%20a%20carta%20de%20Im%C3%B3vel%20%28ID%3A%209219%29%20com%20Cr%C3%A9dito%20de%20R%24%20530.821%2C58%20e%20Entrada%20de%20R%24%20261.605%2C00.%20Ainda%20est%C3%A1%20dispon%C3%ADvel%3F
9243;Imóvel;R$ 530.408,33;R$ 267.200,00;145;R$ 3.927,83;HS;-;R$ 7.577,26;R$ 313,24;R$ 76.475,20;Reservada;https://wa.me/5517996482578?text=Ol%C3%A1%20Martins%21%20Vi%20no%20site%20a%20carta%20de%20Im%C3%B3vel%20%28ID%3A%209243%29%20com%20Cr%C3%A9dito%20de%20R%24%20530.408%2C33%20e%20Entrada%20de%20R%24%20267.200%2C00.%20Ainda%20est%C3%A1%20dispon%C3%ADvel%3F
9433;Imóvel;R$ 523.679,12;R$ 255.402,00;200;R$ 3.447,56;HS;-;R$ 7.481,13;R$ 379,23;R$ 2.070,15;Disponível;https://wa.me/5517996482578?text=Ol%C3%A1%20Martins%21%20Vi%20no%20site%20a%20carta%20de%20Im%C3%B3vel%20%28ID%3A%209433%29%20com%20Cr%C3%A9dito%20de%20R%24%20523.679%2C12%20e%20Entrada%20de%20R%24%20255.402%2C00.%20Ainda%20est%C3%A1%20dispon%C3%ADvel%3F
9246;Imóvel;R$ 516.156,87;R$ 249.530,00;169;R$ 3.648,28;HS;-;R$ 7.373,67;R$ 339,11;R$ 51.714,48;Reservada;https://wa.me/5517996482578?text=Ol%C3%A1%20Martins%21%20Vi%20no%20site%20a%20carta%20de%20Im%C3%B3vel%20%28ID%3A%209246%29%20com%20Cr%C3%A9dito%20de%20R%24%20516.156%2C87%20e%20Entrada%20de%20R%24%20249.530%2C00.%20Ainda%20est%C3%A1%20dispon%C3%ADvel%3F
6071;Imóvel;R$ 500.000,00;R$ 245.000,00;219;R$ 2.801,83;HS;-;R$ 7.142,86;R$ 337,48;R$ 1.397,50;Reservada;https://wa.me/5517996482578?text=Ol%C3%A1%20Martins%21%20Vi%20no%20site%20a%20carta%20de%20Im%C3%B3vel%20%28ID%3A%206071%29%20com%20Cr%C3%A9dito%20de%20R%24%20500.000%2C00%20e%20Entrada%20de%20R%24%20245.000%2C00.%20Ainda%20est%C3%A1%20dispon%C3%ADvel%3F
9422;Imóvel;R$ 499.972,39;R$ 245.000,00;218;R$ 2.801,79;HS;-;R$ 7.142,46;R$ 335,93;R$ 1.397,50;Reservada;https://wa.me/5517996482578?text=Ol%C3%A1%20Martins%21%20Vi%20no%20site%20a%20carta%20de%20Im%C3%B3vel%20%28ID%3A%209422%29%20com%20Cr%C3%A9dito%20de%20R%24%20499.972%2C39%20e%20Entrada%20de%20R%24%20245.000%2C00.%20Ainda%20est%C3%A1%20dispon%C3%ADvel%3F
9163;Imóvel;R$ 497.464,03;R$ 243.760,00;214;R$ 2.821,46;HS;-;R$ 7.106,63;R$ 332,09;R$ 5.590,00;Reservada;https://wa.me/5517996482578?text=Ol%C3%A1%20Martins%21%20Vi%20no%20site%20a%20carta%20de%20Im%C3%B3vel%20%28ID%3A%209163%29%20com%20Cr%C3%A9dito%20de%20R%24%20497.464%2C03%20e%20Entrada%20de%20R%24%20243.760%2C00.%20Ainda%20est%C3%A1%20dispon%C3%ADvel%3F
9151;Imóvel;R$ 490.668,76;R$ 238.900,00;190;R$ 3.120,04;HS;-;R$ 7.009,55;R$ 326,04;R$ 45.938,59;Reservada;https://wa.me/5517996482578?text=Ol%C3%A1%20Martins%21%20Vi%20no%20site%20a%20carta%20de%20Im%C3%B3vel%20%28ID%3A%209151%29%20com%20Cr%C3%A9dito%20de%20R%24%20490.668%2C76%20e%20Entrada%20de%20R%24%20238.900%2C00.%20Ainda%20est%C3%A1%20dispon%C3%ADvel%3F
8069;Imóvel;R$ 487.664,62;R$ 234.870,00;174;R$ 3.590,57;HS;-;R$ 6.966,64;R$ 343,62;R$ 7.614,85;Reservada;https://wa.me/5517996482578?text=Ol%C3%A1%20Martins%21%20Vi%20no%20site%20a%20carta%20de%20Im%C3%B3vel%20%28ID%3A%208069%29%20com%20Cr%C3%A9dito%20de%20R%24%20487.664%2C62%20e%20Entrada%20de%20R%24%20234.870%2C00.%20Ainda%20est%C3%A1%20dispon%C3%ADvel%3F
9386;Imóvel;R$ 487.293,79;R$ 238.773,00;185;R$ 3.175,07;HS;-;R$ 6.961,34;R$ 323,06;R$ 51.486,03;Reservada;https://wa.me/5517996482578?text=Ol%C3%A1%20Martins%21%20Vi%20no%20site%20a%20carta%20de%20Im%C3%B3vel%20%28ID%3A%209386%29%20com%20Cr%C3%A9dito%20de%20R%24%20487.293%2C79%20e%20Entrada%20de%20R%24%20238.773%2C00.%20Ainda%20est%C3%A1%20dispon%C3%ADvel%3F
9485;Imóvel;R$ 482.855,05;R$ 235.974,00;190;R$ 3.344,70;HS;-;R$ 6.897,93;R$ 349,52;R$ 2.175,80;Disponível;https://wa.me/5517996482578?text=Ol%C3%A1%20Martins%21%20Vi%20no%20site%20a%20carta%20de%20Im%C3%B3vel%20%28ID%3A%209485%29%20com%20Cr%C3%A9dito%20de%20R%24%20482.855%2C05%20e%20Entrada%20de%20R%24%20235.974%2C00.%20Ainda%20est%C3%A1%20dispon%C3%ADvel%3F
9488;Imóvel;R$ 463.552,89;R$ 277.800,00;90;R$ 3.848,93;HS;-;R$ 6.622,18;R$ 190,52;R$ 283.412,80;Disponível;https://wa.me/5517996482578?text=Ol%C3%A1%20Martins%21%20Vi%20no%20site%20a%20carta%20de%20Im%C3%B3vel%20%28ID%3A%209488%29%20com%20Cr%C3%A9dito%20de%20R%24%20463.552%2C89%20e%20Entrada%20de%20R%24%20277.800%2C00.%20Ainda%20est%C3%A1%20dispon%C3%ADvel%3F
9490;Imóvel;R$ 426.243,38;R$ 208.860,00;166;R$ 2.856,81;HS;-;R$ 6.089,19;R$ 260,83;R$ 78.089,16;Disponível;https://wa.me/5517996482578?text=Ol%C3%A1%20Martins%21%20Vi%20no%20site%20a%20carta%20de%20Im%C3%B3vel%20%28ID%3A%209490%29%20com%20Cr%C3%A9dito%20de%20R%24%20426.243%2C38%20e%20Entrada%20de%20R%24%20208.860%2C00.%20Ainda%20est%C3%A1%20dispon%C3%ADvel%3F
9362;Imóvel;R$ 422.238,00;R$ 206.896,00;208;R$ 2.620,88;HS;-;R$ 6.031,97;R$ 299,83;R$ 15.902,90;Reservada;https://wa.me/5517996482578?text=Ol%C3%A1%20Martins%21%20Vi%20no%20site%20a%20carta%20de%20Im%C3%B3vel%20%28ID%3A%209362%29%20com%20Cr%C3%A9dito%20de%20R%24%20422.238%2C00%20e%20Entrada%20de%20R%24%20206.896%2C00.%20Ainda%20est%C3%A1%20dispon%C3%ADvel%3F
9419;Imóvel;R$ 421.544,22;R$ 205.590,00;171;R$ 2.827,61;HS;-;R$ 6.022,06;R$ 265,94;R$ 64.612,02;Disponível;https://wa.me/5517996482578?text=Ol%C3%A1%20Martins%21%20Vi%20no%20site%20a%20carta%20de%20Im%C3%B3vel%20%28ID%3A%209419%29%20com%20Cr%C3%A9dito%20de%20R%24%20421.544%2C22%20e%20Entrada%20de%20R%24%20205.590%2C00.%20Ainda%20est%C3%A1%20dispon%C3%ADvel%3F
9261;Imóvel;R$ 415.997,12;R$ 203.100,00;169;R$ 2.985,90;HS;-;R$ 5.942,82;R$ 277,54;R$ 51.484,08;Reservada;https://wa.me/5517996482578?text=Ol%C3%A1%20Martins%21%20Vi%20no%20site%20a%20carta%20de%20Im%C3%B3vel%20%28ID%3A%209261%29%20com%20Cr%C3%A9dito%20de%20R%24%20415.997%2C12%20e%20Entrada%20de%20R%24%20203.100%2C00.%20Ainda%20est%C3%A1%20dispon%C3%ADvel%3F
9051;Imóvel;R$ 415.993,81;R$ 201.680,00;179;R$ 2.683,17;HS;-;R$ 5.942,77;R$ 264,16;R$ 57.181,10;Reservada;https://wa.me/5517996482578?text=Ol%C3%A1%20Martins%21%20Vi%20no%20site%20a%20carta%20de%20Im%C3%B3vel%20%28ID%3A%209051%29%20com%20Cr%C3%A9dito%20de%20R%24%20415.993%2C81%20e%20Entrada%20de%20R%24%20201.680%2C00.%20Ainda%20est%C3%A1%20dispon%C3%ADvel%3F
9274;Imóvel;R$ 415.610,05;R$ 200.920,00;193;R$ 2.753,77;HS;-;R$ 5.937,29;R$ 292,31;R$ 9.017,46;Reservada;https://wa.me/5517996482578?text=Ol%C3%A1%20Martins%21%20Vi%20no%20site%20a%20carta%20de%20Im%C3%B3vel%20%28ID%3A%209274%29%20com%20Cr%C3%A9dito%20de%20R%24%20415.610%2C05%20e%20Entrada%20de%20R%24%20200.920%2C00.%20Ainda%20est%C3%A1%20dispon%C3%ADvel%3F
9425;Imóvel;R$ 414.925,63;R$ 202.362,00;177;R$ 2.854,94;HS;-;R$ 5.927,51;R$ 277,93;R$ 39.829,53;Disponível;https://wa.me/5517996482578?text=Ol%C3%A1%20Martins%21%20Vi%20no%20site%20a%20carta%20de%20Im%C3%B3vel%20%28ID%3A%209425%29%20com%20Cr%C3%A9dito%20de%20R%24%20414.925%2C63%20e%20Entrada%20de%20R%24%20202.362%2C00.%20Ainda%20est%C3%A1%20dispon%C3%ADvel%3F
9343;Imóvel;R$ 412.984,52;R$ 202.362,00;178;R$ 2.801,88;HS;-;R$ 5.899,78;R$ 274,30;R$ 45.411,91;Reservada;https://wa.me/5517996482578?text=Ol%C3%A1%20Martins%21%20Vi%20no%20site%20a%20carta%20de%20Im%C3%B3vel%20%28ID%3A%209343%29%20com%20Cr%C3%A9dito%20de%20R%24%20412.984%2C52%20e%20Entrada%20de%20R%24%20202.362%2C00.%20Ainda%20est%C3%A1%20dispon%C3%ADvel%3F
9400;Imóvel;R$ 410.295,29;R$ 200.906,00;168;R$ 2.570,62;HS;-;R$ 5.861,36;R$ 237,53;R$ 144.602,29;Reservada;https://wa.me/5517996482578?text=Ol%C3%A1%20Martins%21%20Vi%20no%20site%20a%20carta%20de%20Im%C3%B3vel%20%28ID%3A%209400%29%20com%20Cr%C3%A9dito%20de%20R%24%20410.295%2C29%20e%20Entrada%20de%20R%24%20200.906%2C00.%20Ainda%20est%C3%A1%20dispon%C3%ADvel%3F
9300;Imóvel;R$ 402.422,40;R$ 197.564,00;135;R$ 3.063,07;HS;-;R$ 5.748,89;R$ 227,43;R$ 67.821,17;Reservada;https://wa.me/5517996482578?text=Ol%C3%A1%20Martins%21%20Vi%20no%20site%20a%20carta%20de%20Im%C3%B3vel%20%28ID%3A%209300%29%20com%20Cr%C3%A9dito%20de%20R%24%20402.422%2C40%20e%20Entrada%20de%20R%24%20197.564%2C00.%20Ainda%20est%C3%A1%20dispon%C3%ADvel%3F
9370;Imóvel;R$ 401.773,26;R$ 196.868,00;182;R$ 2.603,95;HS;-;R$ 5.739,62;R$ 260,66;R$ 52.917,58;Reservada;https://wa.me/5517996482578?text=Ol%C3%A1%20Martins%21%20Vi%20no%20site%20a%20carta%20de%20Im%C3%B3vel%20%28ID%3A%209370%29%20com%20Cr%C3%A9dito%20de%20R%24%20401.773%2C26%20e%20Entrada%20de%20R%24%20196.868%2C00.%20Ainda%20est%C3%A1%20dispon%C3%ADvel%3F
3805;Veículo;R$ 400.513,00;R$ 196.900,00;76;R$ 5.021,90;hs;-;R$ 5.721,61;R$ 335,86;R$ 99.645,83;Reservada;https://wa.me/5517996482578?text=Ol%C3%A1%20Martins%21%20Vi%20no%20site%20a%20carta%20de%20Ve%C3%ADculo%20%28ID%3A%203805%29%20com%20Cr%C3%A9dito%20de%20R%24%20400.513%2C00%20e%20Entrada%20de%20R%24%20196.900%2C00.%20Ainda%20est%C3%A1%20dispon%C3%ADvel%3F
9252;Imóvel;R$ 400.496,79;R$ 196.250,00;193;R$ 2.547,73;HS;-;R$ 5.721,38;R$ 270,44;R$ 36.308,44;Reservada;https://wa.me/5517996482578?text=Ol%C3%A1%20Martins%21%20Vi%20no%20site%20a%20carta%20de%20Im%C3%B3vel%20%28ID%3A%209252%29%20com%20Cr%C3%A9dito%20de%20R%24%20400.496%2C79%20e%20Entrada%20de%20R%24%20196.250%2C00.%20Ainda%20est%C3%A1%20dispon%C3%ADvel%3F
9146;Imóvel;R$ 400.007,64;R$ 193.530,00;129;R$ 3.739,06;HS;-;R$ 5.714,39;R$ 265,29;R$ 33.220,62;Reservada;https://wa.me/5517996482578?text=Ol%C3%A1%20Martins%21%20Vi%20no%20site%20a%20carta%20de%20Im%C3%B3vel%20%28ID%3A%209146%29%20com%20Cr%C3%A9dito%20de%20R%24%20400.007%2C64%20e%20Entrada%20de%20R%24%20193.530%2C00.%20Ainda%20est%C3%A1%20dispon%C3%ADvel%3F
3642;Veículo;R$ 389.039,72;R$ 176.900,00;82;R$ 5.300,00;HS;-;R$ 5.557,71;R$ 382,45;R$ 14.000,00;Reservada;https://wa.me/5517996482578?text=Ol%C3%A1%20Martins%21%20Vi%20no%20site%20a%20carta%20de%20Ve%C3%ADculo%20%28ID%3A%203642%29%20com%20Cr%C3%A9dito%20de%20R%24%20389.039%2C72%20e%20Entrada%20de%20R%24%20176.900%2C00.%20Ainda%20est%C3%A1%20dispon%C3%ADvel%3F
9063;Imóvel;R$ 386.819,74;R$ 188.490,00;203;R$ 2.419,38;HS;-;R$ 5.526,00;R$ 270,12;R$ 15.564,03;Reservada;https://wa.me/5517996482578?text=Ol%C3%A1%20Martins%21%20Vi%20no%20site%20a%20carta%20de%20Im%C3%B3vel%20%28ID%3A%209063%29%20com%20Cr%C3%A9dito%20de%20R%24%20386.819%2C74%20e%20Entrada%20de%20R%24%20188.490%2C00.%20Ainda%20est%C3%A1%20dispon%C3%ADvel%3F
9439;Imóvel;R$ 386.424,37;R$ 188.462,00;205;R$ 2.388,35;HS;-;R$ 5.520,35;R$ 269,29;R$ 16.770,00;Disponível;https://wa.me/5517996482578?text=Ol%C3%A1%20Martins%21%20Vi%20no%20site%20a%20carta%20de%20Im%C3%B3vel%20%28ID%3A%209439%29%20com%20Cr%C3%A9dito%20de%20R%24%20386.424%2C37%20e%20Entrada%20de%20R%24%20188.462%2C00.%20Ainda%20est%C3%A1%20dispon%C3%ADvel%3F
9022;Imóvel;R$ 386.338,31;R$ 188.550,00;204;R$ 2.392,03;HS;-;R$ 5.519,12;R$ 268,39;R$ 18.435,65;Reservada;https://wa.me/5517996482578?text=Ol%C3%A1%20Martins%21%20Vi%20no%20site%20a%20carta%20de%20Im%C3%B3vel%20%28ID%3A%209022%29%20com%20Cr%C3%A9dito%20de%20R%24%20386.338%2C31%20e%20Entrada%20de%20R%24%20188.550%2C00.%20Ainda%20est%C3%A1%20dispon%C3%ADvel%3F
9359;Imóvel;R$ 384.299,75;R$ 185.657,00;133;R$ 2.970,58;HS;-;R$ 5.490,00;R$ 217,30;R$ 91.991,76;Reservada;https://wa.me/5517996482578?text=Ol%C3%A1%20Martins%21%20Vi%20no%20site%20a%20carta%20de%20Im%C3%B3vel%20%28ID%3A%209359%29%20com%20Cr%C3%A9dito%20de%20R%24%20384.299%2C75%20e%20Entrada%20de%20R%24%20185.657%2C00.%20Ainda%20est%C3%A1%20dispon%C3%ADvel%3F
3536;Imóvel;R$ 382.311,00;R$ 204.900,00;30;R$ 13.773,74;HS;-;R$ 5.461,59;R$ 227,27;R$ 69.475,00;Reservada;https://wa.me/5517996482578?text=Ol%C3%A1%20Martins%21%20Vi%20no%20site%20a%20carta%20de%20Im%C3%B3vel%20%28ID%3A%203536%29%20com%20Cr%C3%A9dito%20de%20R%24%20382.311%2C00%20e%20Entrada%20de%20R%24%20204.900%2C00.%20Ainda%20est%C3%A1%20dispon%C3%ADvel%3F
9241;Imóvel;R$ 376.152,15;R$ 187.940,00;44;R$ 6.437,75;HS;-;R$ 5.373,60;R$ 155,79;R$ 125.531,97;Reservada;https://wa.me/5517996482578?text=Ol%C3%A1%20Martins%21%20Vi%20no%20site%20a%20carta%20de%20Im%C3%B3vel%20%28ID%3A%209241%29%20com%20Cr%C3%A9dito%20de%20R%24%20376.152%2C15%20e%20Entrada%20de%20R%24%20187.940%2C00.%20Ainda%20est%C3%A1%20dispon%C3%ADvel%3F
9062;Imóvel;R$ 365.328,08;R$ 176.530,00;212;R$ 2.202,19;HS;-;R$ 5.218,97;R$ 256,78;R$ 8.385,13;Reservada;https://wa.me/5517996482578?text=Ol%C3%A1%20Martins%21%20Vi%20no%20site%20a%20carta%20de%20Im%C3%B3vel%20%28ID%3A%209062%29%20com%20Cr%C3%A9dito%20de%20R%24%20365.328%2C08%20e%20Entrada%20de%20R%24%20176.530%2C00.%20Ainda%20est%C3%A1%20dispon%C3%ADvel%3F
9413;Imóvel;R$ 363.360,43;R$ 178.360,00;142;R$ 2.817,95;HS;-;R$ 5.190,86;R$ 220,08;R$ 38.964,43;Disponível;https://wa.me/5517996482578?text=Ol%C3%A1%20Martins%21%20Vi%20no%20site%20a%20carta%20de%20Im%C3%B3vel%20%28ID%3A%209413%29%20com%20Cr%C3%A9dito%20de%20R%24%20363.360%2C43%20e%20Entrada%20de%20R%24%20178.360%2C00.%20Ainda%20est%C3%A1%20dispon%C3%ADvel%3F
9211;Imóvel;R$ 356.630,78;R$ 172.640,00;213;R$ 2.172,17;HS;-;R$ 5.094,73;R$ 254,47;R$ 4.192,50;Reservada;https://wa.me/5517996482578?text=Ol%C3%A1%20Martins%21%20Vi%20no%20site%20a%20carta%20de%20Im%C3%B3vel%20%28ID%3A%209211%29%20com%20Cr%C3%A9dito%20de%20R%24%20356.630%2C78%20e%20Entrada%20de%20R%24%20172.640%2C00.%20Ainda%20est%C3%A1%20dispon%C3%ADvel%3F
9172;Imóvel;R$ 355.260,49;R$ 172.415,00;212;R$ 2.169,09;HS;-;R$ 5.075,15;R$ 252,92;R$ 7.017,50;Reservada;https://wa.me/5517996482578?text=Ol%C3%A1%20Martins%21%20Vi%20no%20site%20a%20carta%20de%20Im%C3%B3vel%20%28ID%3A%209172%29%20com%20Cr%C3%A9dito%20de%20R%24%20355.260%2C49%20e%20Entrada%20de%20R%24%20172.415%2C00.%20Ainda%20est%C3%A1%20dispon%C3%ADvel%3F
3559;Imóvel;R$ 354.596,82;R$ 169.900,00;130;R$ 2.608,32;HS;-;R$ 5.065,67;R$ 186,49;R$ 68.599,40;Reservada;https://wa.me/5517996482578?text=Ol%C3%A1%20Martins%21%20Vi%20no%20site%20a%20carta%20de%20Im%C3%B3vel%20%28ID%3A%203559%29%20com%20Cr%C3%A9dito%20de%20R%24%20354.596%2C82%20e%20Entrada%20de%20R%24%20169.900%2C00.%20Ainda%20est%C3%A1%20dispon%C3%ADvel%3F
6076;Imóvel;R$ 351.855,45;R$ 172.410,00;217;R$ 2.144,96;HS;-;R$ 5.026,51;R$ 256,00;R$ 1.397,50;Reservada;https://wa.me/5517996482578?text=Ol%C3%A1%20Martins%21%20Vi%20no%20site%20a%20carta%20de%20Im%C3%B3vel%20%28ID%3A%206076%29%20com%20Cr%C3%A9dito%20de%20R%24%20351.855%2C45%20e%20Entrada%20de%20R%24%20172.410%2C00.%20Ainda%20est%C3%A1%20dispon%C3%ADvel%3F
9242;Imóvel;R$ 351.267,84;R$ 172.540,00;161;R$ 2.425,65;HS;-;R$ 5.018,11;R$ 214,79;R$ 36.119,20;Reservada;https://wa.me/5517996482578?text=Ol%C3%A1%20Martins%21%20Vi%20no%20site%20a%20carta%20de%20Im%C3%B3vel%20%28ID%3A%209242%29%20com%20Cr%C3%A9dito%20de%20R%24%20351.267%2C84%20e%20Entrada%20de%20R%24%20172.540%2C00.%20Ainda%20est%C3%A1%20dispon%C3%ADvel%3F
9372;Imóvel;R$ 347.583,75;R$ 191.172,00;71;R$ 3.229,62;HS;-;R$ 4.965,48;R$ 126,12;R$ 172.247,79;Reservada;https://wa.me/5517996482578?text=Ol%C3%A1%20Martins%21%20Vi%20no%20site%20a%20carta%20de%20Im%C3%B3vel%20%28ID%3A%209372%29%20com%20Cr%C3%A9dito%20de%20R%24%20347.583%2C75%20e%20Entrada%20de%20R%24%20191.172%2C00.%20Ainda%20est%C3%A1%20dispon%C3%ADvel%3F
9325;Imóvel;R$ 344.536,30;R$ 171.070,00;58;R$ 5.056,16;HS;-;R$ 4.921,95;R$ 161,29;R$ 110.593,46;Reservada;https://wa.me/5517996482578?text=Ol%C3%A1%20Martins%21%20Vi%20no%20site%20a%20carta%20de%20Im%C3%B3vel%20%28ID%3A%209325%29%20com%20Cr%C3%A9dito%20de%20R%24%20344.536%2C30%20e%20Entrada%20de%20R%24%20171.070%2C00.%20Ainda%20est%C3%A1%20dispon%C3%ADvel%3F
9395;Imóvel;R$ 333.189,12;R$ 161.136,42;125;R$ 2.772,82;HS;-;R$ 4.759,84;R$ 190,63;R$ 73.423,11;Disponível;https://wa.me/5517996482578?text=Ol%C3%A1%20Martins%21%20Vi%20no%20site%20a%20carta%20de%20Im%C3%B3vel%20%28ID%3A%209395%29%20com%20Cr%C3%A9dito%20de%20R%24%20333.189%2C12%20e%20Entrada%20de%20R%24%20161.136%2C42.%20Ainda%20est%C3%A1%20dispon%C3%ADvel%3F
9087;Imóvel;R$ 327.685,95;R$ 160.480,00;168;R$ 2.208,07;HS;-;R$ 4.681,23;R$ 204,03;R$ 24.039,36;Reservada;https://wa.me/5517996482578?text=Ol%C3%A1%20Martins%21%20Vi%20no%20site%20a%20carta%20de%20Im%C3%B3vel%20%28ID%3A%209087%29%20com%20Cr%C3%A9dito%20de%20R%24%20327.685%2C95%20e%20Entrada%20de%20R%24%20160.480%2C00.%20Ainda%20est%C3%A1%20dispon%C3%ADvel%3F
9318;Imóvel;R$ 319.980,11;R$ 157.226,00;179;R$ 2.172,32;HS;-;R$ 4.571,14;R$ 213,86;R$ 2.986,78;Reservada;https://wa.me/5517996482578?text=Ol%C3%A1%20Martins%21%20Vi%20no%20site%20a%20carta%20de%20Im%C3%B3vel%20%28ID%3A%209318%29%20com%20Cr%C3%A9dito%20de%20R%24%20319.980%2C11%20e%20Entrada%20de%20R%24%20157.226%2C00.%20Ainda%20est%C3%A1%20dispon%C3%ADvel%3F
9094;Imóvel;R$ 319.840,81;R$ 155.460,00;126;R$ 2.691,22;HS;-;R$ 4.569,15;R$ 186,50;R$ 40.654,96;Reservada;https://wa.me/5517996482578?text=Ol%C3%A1%20Martins%21%20Vi%20no%20site%20a%20carta%20de%20Im%C3%B3vel%20%28ID%3A%209094%29%20com%20Cr%C3%A9dito%20de%20R%24%20319.840%2C81%20e%20Entrada%20de%20R%24%20155.460%2C00.%20Ainda%20est%C3%A1%20dispon%C3%ADvel%3F
9206;Imóvel;R$ 303.383,18;R$ 147.795,00;146;R$ 2.324,50;HS;-;R$ 4.334,05;R$ 186,66;R$ 50.187,45;Reservada;https://wa.me/5517996482578?text=Ol%C3%A1%20Martins%21%20Vi%20no%20site%20a%20carta%20de%20Im%C3%B3vel%20%28ID%3A%209206%29%20com%20Cr%C3%A9dito%20de%20R%24%20303.383%2C18%20e%20Entrada%20de%20R%24%20147.795%2C00.%20Ainda%20est%C3%A1%20dispon%C3%ADvel%3F
9486;Imóvel;R$ 302.706,86;R$ 148.000,00;97;R$ 2.881,91;HS;-;R$ 4.324,38;R$ 153,75;R$ 106.151,09;Disponível;https://wa.me/5517996482578?text=Ol%C3%A1%20Martins%21%20Vi%20no%20site%20a%20carta%20de%20Im%C3%B3vel%20%28ID%3A%209486%29%20com%20Cr%C3%A9dito%20de%20R%24%20302.706%2C86%20e%20Entrada%20de%20R%24%20148.000%2C00.%20Ainda%20est%C3%A1%20dispon%C3%ADvel%3F
9312;Veículo;R$ 302.677,97;R$ 148.312,00;124;R$ 2.798,08;HS;-;R$ 4.323,97;R$ 305,33;R$ 21.610,23;Reservada;https://wa.me/5517996482578?text=Ol%C3%A1%20Martins%21%20Vi%20no%20site%20a%20carta%20de%20Ve%C3%ADculo%20%28ID%3A%209312%29%20com%20Cr%C3%A9dito%20de%20R%24%20302.677%2C97%20e%20Entrada%20de%20R%24%20148.312%2C00.%20Ainda%20est%C3%A1%20dispon%C3%ADvel%3F
9245;Imóvel;R$ 300.602,66;R$ 147.000,00;196;R$ 1.858,95;HS;-;R$ 4.294,32;R$ 200,39;R$ 927,00;Reservada;https://wa.me/5517996482578?text=Ol%C3%A1%20Martins%21%20Vi%20no%20site%20a%20carta%20de%20Im%C3%B3vel%20%28ID%3A%209245%29%20com%20Cr%C3%A9dito%20de%20R%24%20300.602%2C66%20e%20Entrada%20de%20R%24%20147.000%2C00.%20Ainda%20est%C3%A1%20dispon%C3%ADvel%3F
9444;Veículo;R$ 293.582,68;R$ 143.240,00;122;R$ 2.758,53;HS;-;R$ 4.194,04;R$ 296,16;R$ 21.815,81;Disponível;https://wa.me/5517996482578?text=Ol%C3%A1%20Martins%21%20Vi%20no%20site%20a%20carta%20de%20Ve%C3%ADculo%20%28ID%3A%209444%29%20com%20Cr%C3%A9dito%20de%20R%24%20293.582%2C68%20e%20Entrada%20de%20R%24%20143.240%2C00.%20Ainda%20est%C3%A1%20dispon%C3%ADvel%3F
9365;Veículo;R$ 292.324,11;R$ 143.238,00;123;R$ 2.708,05;HS;-;R$ 4.176,06;R$ 293,12;R$ 25.060,66;Reservada;https://wa.me/5517996482578?text=Ol%C3%A1%20Martins%21%20Vi%20no%20site%20a%20carta%20de%20Ve%C3%ADculo%20%28ID%3A%209365%29%20com%20Cr%C3%A9dito%20de%20R%24%20292.324%2C11%20e%20Entrada%20de%20R%24%20143.238%2C00.%20Ainda%20est%C3%A1%20dispon%C3%ADvel%3F
9200;Imóvel;R$ 289.804,97;R$ 140.710,00;103;R$ 2.723,28;HS;-;R$ 4.140,07;R$ 154,27;R$ 58.394,49;Reservada;https://wa.me/5517996482578?text=Ol%C3%A1%20Martins%21%20Vi%20no%20site%20a%20carta%20de%20Im%C3%B3vel%20%28ID%3A%209200%29%20com%20Cr%C3%A9dito%20de%20R%24%20289.804%2C97%20e%20Entrada%20de%20R%24%20140.710%2C00.%20Ainda%20est%C3%A1%20dispon%C3%ADvel%3F
9222;Imóvel;R$ 286.433,22;R$ 139.700,00;168;R$ 2.114,50;HS;-;R$ 4.091,90;R$ 195,38;R$ 19.685,35;Reservada;https://wa.me/5517996482578?text=Ol%C3%A1%20Martins%21%20Vi%20no%20site%20a%20carta%20de%20Im%C3%B3vel%20%28ID%3A%209222%29%20com%20Cr%C3%A9dito%20de%20R%24%20286.433%2C22%20e%20Entrada%20de%20R%24%20139.700%2C00.%20Ainda%20est%C3%A1%20dispon%C3%ADvel%3F
9452;Imóvel;R$ 286.131,52;R$ 139.430,00;171;R$ 1.892,44;HS;-;R$ 4.087,59;R$ 177,98;R$ 22.646,00;Disponível;https://wa.me/5517996482578?text=Ol%C3%A1%20Martins%21%20Vi%20no%20site%20a%20carta%20de%20Im%C3%B3vel%20%28ID%3A%209452%29%20com%20Cr%C3%A9dito%20de%20R%24%20286.131%2C52%20e%20Entrada%20de%20R%24%20139.430%2C00.%20Ainda%20est%C3%A1%20dispon%C3%ADvel%3F
9235;Imóvel;R$ 285.574,88;R$ 140.960,00;102;R$ 2.843,91;HS;-;R$ 4.079,64;R$ 159,54;R$ 51.156,01;Reservada;https://wa.me/5517996482578?text=Ol%C3%A1%20Martins%21%20Vi%20no%20site%20a%20carta%20de%20Im%C3%B3vel%20%28ID%3A%209235%29%20com%20Cr%C3%A9dito%20de%20R%24%20285.574%2C88%20e%20Entrada%20de%20R%24%20140.960%2C00.%20Ainda%20est%C3%A1%20dispon%C3%ADvel%3F
9240;Veículo;R$ 285.263,50;R$ 139.780,00;127;R$ 2.690,68;HS;-;R$ 4.075,19;R$ 300,71;R$ 16.571,22;Reservada;https://wa.me/5517996482578?text=Ol%C3%A1%20Martins%21%20Vi%20no%20site%20a%20carta%20de%20Ve%C3%ADculo%20%28ID%3A%209240%29%20com%20Cr%C3%A9dito%20de%20R%24%20285.263%2C50%20e%20Entrada%20de%20R%24%20139.780%2C00.%20Ainda%20est%C3%A1%20dispon%C3%ADvel%3F
9429;Imóvel;R$ 279.686,86;R$ 136.405,00;167;R$ 2.094,54;HS;-;R$ 3.995,53;R$ 192,38;R$ 18.821,73;Disponível;https://wa.me/5517996482578?text=Ol%C3%A1%20Martins%21%20Vi%20no%20site%20a%20carta%20de%20Im%C3%B3vel%20%28ID%3A%209429%29%20com%20Cr%C3%A9dito%20de%20R%24%20279.686%2C86%20e%20Entrada%20de%20R%24%20136.405%2C00.%20Ainda%20est%C3%A1%20dispon%C3%ADvel%3F
9248;Imóvel;R$ 275.604,30;R$ 133.740,00;90;R$ 3.104,77;HS;-;R$ 3.937,20;R$ 153,69;R$ 63.375,96;Disponível;https://wa.me/5517996482578?text=Ol%C3%A1%20Martins%21%20Vi%20no%20site%20a%20carta%20de%20Im%C3%B3vel%20%28ID%3A%209248%29%20com%20Cr%C3%A9dito%20de%20R%24%20275.604%2C30%20e%20Entrada%20de%20R%24%20133.740%2C00.%20Ainda%20est%C3%A1%20dispon%C3%ADvel%3F
9033;Imóvel;R$ 271.953,34;R$ 133.520,00;182;R$ 1.831,06;HS;-;R$ 3.885,05;R$ 183,29;R$ 14.913,63;Reservada;https://wa.me/5517996482578?text=Ol%C3%A1%20Martins%21%20Vi%20no%20site%20a%20carta%20de%20Im%C3%B3vel%20%28ID%3A%209033%29%20com%20Cr%C3%A9dito%20de%20R%24%20271.953%2C34%20e%20Entrada%20de%20R%24%20133.520%2C00.%20Ainda%20est%C3%A1%20dispon%C3%ADvel%3F
2708;Imóvel;R$ 247.300,00;R$ 109.900,00;64;R$ 3.638,00;HSA;-;R$ 3.532,86;R$ 128,06;R$ 15.000,00;Reservada;https://wa.me/5517996482578?text=Ol%C3%A1%20Martins%21%20Vi%20no%20site%20a%20carta%20de%20Im%C3%B3vel%20%28ID%3A%202708%29%20com%20Cr%C3%A9dito%20de%20R%24%20247.300%2C00%20e%20Entrada%20de%20R%24%20109.900%2C00.%20Ainda%20est%C3%A1%20dispon%C3%ADvel%3F
9446;Imóvel;R$ 246.007,20;R$ 119.980,00;167;R$ 1.818,94;HS;-;R$ 3.514,39;R$ 167,07;R$ 18.333,58;Disponível;https://wa.me/5517996482578?text=Ol%C3%A1%20Martins%21%20Vi%20no%20site%20a%20carta%20de%20Im%C3%B3vel%20%28ID%3A%209446%29%20com%20Cr%C3%A9dito%20de%20R%24%20246.007%2C20%20e%20Entrada%20de%20R%24%20119.980%2C00.%20Ainda%20est%C3%A1%20dispon%C3%ADvel%3F
3695;Imóvel;R$ 240.159,41;R$ 119.900,00;139;R$ 1.965,03;HS;-;R$ 3.430,85;R$ 150,23;R$ 21.825,00;Reservada;https://wa.me/5517996482578?text=Ol%C3%A1%20Martins%21%20Vi%20no%20site%20a%20carta%20de%20Im%C3%B3vel%20%28ID%3A%203695%29%20com%20Cr%C3%A9dito%20de%20R%24%20240.159%2C41%20e%20Entrada%20de%20R%24%20119.900%2C00.%20Ainda%20est%C3%A1%20dispon%C3%ADvel%3F
5095;Veículo;R$ 236.039,26;R$ 129.900,00;72;R$ 2.785,83;HS;-;R$ 3.371,99;R$ 176,51;R$ 75.276,47;Reservada;https://wa.me/5517996482578?text=Ol%C3%A1%20Martins%21%20Vi%20no%20site%20a%20carta%20de%20Ve%C3%ADculo%20%28ID%3A%205095%29%20com%20Cr%C3%A9dito%20de%20R%24%20236.039%2C26%20e%20Entrada%20de%20R%24%20129.900%2C00.%20Ainda%20est%C3%A1%20dispon%C3%ADvel%3F
9297;Imóvel;R$ 235.069,85;R$ 113.522,00;178;R$ 1.649,40;HS;-;R$ 3.358,14;R$ 161,48;R$ 11.510,87;Reservada;https://wa.me/5517996482578?text=Ol%C3%A1%20Martins%21%20Vi%20no%20site%20a%20carta%20de%20Im%C3%B3vel%20%28ID%3A%209297%29%20com%20Cr%C3%A9dito%20de%20R%24%20235.069%2C85%20e%20Entrada%20de%20R%24%20113.522%2C00.%20Ainda%20est%C3%A1%20dispon%C3%ADvel%3F
9313;Imóvel;R$ 230.688,26;R$ 112.540,00;182;R$ 1.576,76;HS;-;R$ 3.295,55;R$ 157,83;R$ 14.974,35;Reservada;https://wa.me/5517996482578?text=Ol%C3%A1%20Martins%21%20Vi%20no%20site%20a%20carta%20de%20Im%C3%B3vel%20%28ID%3A%209313%29%20com%20Cr%C3%A9dito%20de%20R%24%20230.688%2C26%20e%20Entrada%20de%20R%24%20112.540%2C00.%20Ainda%20est%C3%A1%20dispon%C3%ADvel%3F
7027;Veículo;R$ 230.047,92;R$ 112.800,00;70;R$ 2.425,43;HS;-;R$ 3.286,40;R$ 149,41;R$ 99.343,22;Reservada;https://wa.me/5517996482578?text=Ol%C3%A1%20Martins%21%20Vi%20no%20site%20a%20carta%20de%20Ve%C3%ADculo%20%28ID%3A%207027%29%20com%20Cr%C3%A9dito%20de%20R%24%20230.047%2C92%20e%20Entrada%20de%20R%24%20112.800%2C00.%20Ainda%20est%C3%A1%20dispon%C3%ADvel%3F
5098;Veículo;R$ 228.969,60;R$ 129.900,00;71;R$ 2.244,98;HS;-;R$ 3.270,99;R$ 140,27;R$ 101.296,20;Reservada;https://wa.me/5517996482578?text=Ol%C3%A1%20Martins%21%20Vi%20no%20site%20a%20carta%20de%20Ve%C3%ADculo%20%28ID%3A%205098%29%20com%20Cr%C3%A9dito%20de%20R%24%20228.969%2C60%20e%20Entrada%20de%20R%24%20129.900%2C00.%20Ainda%20est%C3%A1%20dispon%C3%ADvel%3F
8080;Veículo;R$ 226.276,17;R$ 109.500,00;97;R$ 2.560,15;HS;-;R$ 3.232,52;R$ 218,53;R$ 22.312,90;Reservada;https://wa.me/5517996482578?text=Ol%C3%A1%20Martins%21%20Vi%20no%20site%20a%20carta%20de%20Ve%C3%ADculo%20%28ID%3A%208080%29%20com%20Cr%C3%A9dito%20de%20R%24%20226.276%2C17%20e%20Entrada%20de%20R%24%20109.500%2C00.%20Ainda%20est%C3%A1%20dispon%C3%ADvel%3F
2693;Imóvel;R$ 226.012,00;R$ 94.900,00;143;R$ 2.144,82;HS;-;R$ 3.228,74;R$ 168,69;R$ 9.560,00;Reservada;https://wa.me/5517996482578?text=Ol%C3%A1%20Martins%21%20Vi%20no%20site%20a%20carta%20de%20Im%C3%B3vel%20%28ID%3A%202693%29%20com%20Cr%C3%A9dito%20de%20R%24%20226.012%2C00%20e%20Entrada%20de%20R%24%2094.900%2C00.%20Ainda%20est%C3%A1%20dispon%C3%ADvel%3F
9451;Imóvel;R$ 222.031,36;R$ 108.286,00;68;R$ 3.362,99;HS;-;R$ 3.171,88;R$ 125,78;R$ 53.472,87;Disponível;https://wa.me/5517996482578?text=Ol%C3%A1%20Martins%21%20Vi%20no%20site%20a%20carta%20de%20Im%C3%B3vel%20%28ID%3A%209451%29%20com%20Cr%C3%A9dito%20de%20R%24%20222.031%2C36%20e%20Entrada%20de%20R%24%20108.286%2C00.%20Ainda%20est%C3%A1%20dispon%C3%ADvel%3F
9383;Veículo;R$ 220.248,02;R$ 107.921,00;101;R$ 2.418,74;HS;-;R$ 3.146,40;R$ 214,98;R$ 24.891,19;Reservada;https://wa.me/5517996482578?text=Ol%C3%A1%20Martins%21%20Vi%20no%20site%20a%20carta%20de%20Ve%C3%ADculo%20%28ID%3A%209383%29%20com%20Cr%C3%A9dito%20de%20R%24%20220.248%2C02%20e%20Entrada%20de%20R%24%20107.921%2C00.%20Ainda%20est%C3%A1%20dispon%C3%ADvel%3F
9228;Veículo;R$ 220.245,28;R$ 107.878,00;105;R$ 2.401,75;HS;-;R$ 3.146,36;R$ 221,92;R$ 17.061,26;Reservada;https://wa.me/5517996482578?text=Ol%C3%A1%20Martins%21%20Vi%20no%20site%20a%20carta%20de%20Ve%C3%ADculo%20%28ID%3A%209228%29%20com%20Cr%C3%A9dito%20de%20R%24%20220.245%2C28%20e%20Entrada%20de%20R%24%20107.878%2C00.%20Ainda%20est%C3%A1%20dispon%C3%ADvel%3F
3759;Veículo;R$ 218.874,37;R$ 129.900,00;76;R$ 2.245,12;HS;-;R$ 3.126,78;R$ 150,15;R$ 87.815,94;Reservada;https://wa.me/5517996482578?text=Ol%C3%A1%20Martins%21%20Vi%20no%20site%20a%20carta%20de%20Ve%C3%ADculo%20%28ID%3A%203759%29%20com%20Cr%C3%A9dito%20de%20R%24%20218.874%2C37%20e%20Entrada%20de%20R%24%20129.900%2C00.%20Ainda%20est%C3%A1%20dispon%C3%ADvel%3F
9410;Imóvel;R$ 216.261,97;R$ 105.836,00;98;R$ 2.079,45;HS;-;R$ 3.089,46;R$ 112,08;R$ 50.113,35;Reservada;https://wa.me/5517996482578?text=Ol%C3%A1%20Martins%21%20Vi%20no%20site%20a%20carta%20de%20Im%C3%B3vel%20%28ID%3A%209410%29%20com%20Cr%C3%A9dito%20de%20R%24%20216.261%2C97%20e%20Entrada%20de%20R%24%20105.836%2C00.%20Ainda%20est%C3%A1%20dispon%C3%ADvel%3F
8089;Imóvel;R$ 215.650,88;R$ 105.350,00;159;R$ 1.516,54;HS;-;R$ 3.080,73;R$ 132,62;R$ 31.734,24;Reservada;https://wa.me/5517996482578?text=Ol%C3%A1%20Martins%21%20Vi%20no%20site%20a%20carta%20de%20Im%C3%B3vel%20%28ID%3A%208089%29%20com%20Cr%C3%A9dito%20de%20R%24%20215.650%2C88%20e%20Entrada%20de%20R%24%20105.350%2C00.%20Ainda%20est%C3%A1%20dispon%C3%ADvel%3F
7037;Imóvel;R$ 214.981,81;R$ 105.400,00;122;R$ 1.296,47;HS;-;R$ 3.071,17;R$ 86,99;R$ 70.587,62;Reservada;https://wa.me/5517996482578?text=Ol%C3%A1%20Martins%21%20Vi%20no%20site%20a%20carta%20de%20Im%C3%B3vel%20%28ID%3A%207037%29%20com%20Cr%C3%A9dito%20de%20R%24%20214.981%2C81%20e%20Entrada%20de%20R%24%20105.400%2C00.%20Ainda%20est%C3%A1%20dispon%C3%ADvel%3F
9283;Imóvel;R$ 212.825,71;R$ 105.250,00;82;R$ 2.303,48;HS;-;R$ 3.040,37;R$ 103,89;R$ 73.258,57;Reservada;https://wa.me/5517996482578?text=Ol%C3%A1%20Martins%21%20Vi%20no%20site%20a%20carta%20de%20Im%C3%B3vel%20%28ID%3A%209283%29%20com%20Cr%C3%A9dito%20de%20R%24%20212.825%2C71%20e%20Entrada%20de%20R%24%20105.250%2C00.%20Ainda%20est%C3%A1%20dispon%C3%ADvel%3F
9378;Imóvel;R$ 211.695,36;R$ 103.950,00;129;R$ 1.732,10;HS;-;R$ 3.024,22;R$ 122,89;R$ 30.606,72;Disponível;https://wa.me/5517996482578?text=Ol%C3%A1%20Martins%21%20Vi%20no%20site%20a%20carta%20de%20Im%C3%B3vel%20%28ID%3A%209378%29%20com%20Cr%C3%A9dito%20de%20R%24%20211.695%2C36%20e%20Entrada%20de%20R%24%20103.950%2C00.%20Ainda%20est%C3%A1%20dispon%C3%ADvel%3F
9473;Imóvel;R$ 211.390,20;R$ 104.040,00;129;R$ 1.760,83;HS;-;R$ 3.019,86;R$ 124,93;R$ 28.984,14;Disponível;https://wa.me/5517996482578?text=Ol%C3%A1%20Martins%21%20Vi%20no%20site%20a%20carta%20de%20Im%C3%B3vel%20%28ID%3A%209473%29%20com%20Cr%C3%A9dito%20de%20R%24%20211.390%2C20%20e%20Entrada%20de%20R%24%20104.040%2C00.%20Ainda%20est%C3%A1%20dispon%C3%ADvel%3F
9290;Imóvel;R$ 209.178,28;R$ 100.844,00;171;R$ 1.500,72;HS;-;R$ 2.988,26;R$ 141,14;R$ 12.439,51;Disponível;https://wa.me/5517996482578?text=Ol%C3%A1%20Martins%21%20Vi%20no%20site%20a%20carta%20de%20Im%C3%B3vel%20%28ID%3A%209290%29%20com%20Cr%C3%A9dito%20de%20R%24%20209.178%2C28%20e%20Entrada%20de%20R%24%20100.844%2C00.%20Ainda%20est%C3%A1%20dispon%C3%ADvel%3F
9453;Imóvel;R$ 206.770,19;R$ 100.842,00;131;R$ 1.883,59;HS;-;R$ 2.953,86;R$ 135,71;R$ 22.646,00;Disponível;https://wa.me/5517996482578?text=Ol%C3%A1%20Martins%21%20Vi%20no%20site%20a%20carta%20de%20Im%C3%B3vel%20%28ID%3A%209453%29%20com%20Cr%C3%A9dito%20de%20R%24%20206.770%2C19%20e%20Entrada%20de%20R%24%20100.842%2C00.%20Ainda%20est%C3%A1%20dispon%C3%ADvel%3F
9192;Imóvel;R$ 206.140,24;R$ 100.560,00;156;R$ 1.583,22;HS;-;R$ 2.944,86;R$ 135,84;R$ 23.114,57;Reservada;https://wa.me/5517996482578?text=Ol%C3%A1%20Martins%21%20Vi%20no%20site%20a%20carta%20de%20Im%C3%B3vel%20%28ID%3A%209192%29%20com%20Cr%C3%A9dito%20de%20R%24%20206.140%2C24%20e%20Entrada%20de%20R%24%20100.560%2C00.%20Ainda%20est%C3%A1%20dispon%C3%ADvel%3F
9234;Imóvel;R$ 205.424,55;R$ 100.905,00;166;R$ 1.380,84;HS;-;R$ 2.934,64;R$ 126,07;R$ 28.076,87;Reservada;https://wa.me/5517996482578?text=Ol%C3%A1%20Martins%21%20Vi%20no%20site%20a%20carta%20de%20Im%C3%B3vel%20%28ID%3A%209234%29%20com%20Cr%C3%A9dito%20de%20R%24%20205.424%2C55%20e%20Entrada%20de%20R%24%20100.905%2C00.%20Ainda%20est%C3%A1%20dispon%C3%ADvel%3F
9158;Imóvel;R$ 200.143,01;R$ 98.070,00;183;R$ 1.262,55;HS;-;R$ 2.859,19;R$ 127,08;R$ 17.341,83;Reservada;https://wa.me/5517996482578?text=Ol%C3%A1%20Martins%21%20Vi%20no%20site%20a%20carta%20de%20Im%C3%B3vel%20%28ID%3A%209158%29%20com%20Cr%C3%A9dito%20de%20R%24%20200.143%2C01%20e%20Entrada%20de%20R%24%2098.070%2C00.%20Ainda%20est%C3%A1%20dispon%C3%ADvel%3F
9299;Imóvel;R$ 199.891,89;R$ 98.000,00;194;R$ 1.245,76;HS;-;R$ 2.855,60;R$ 132,92;R$ 3.074,62;Reservada;https://wa.me/5517996482578?text=Ol%C3%A1%20Martins%21%20Vi%20no%20site%20a%20carta%20de%20Im%C3%B3vel%20%28ID%3A%209299%29%20com%20Cr%C3%A9dito%20de%20R%24%20199.891%2C89%20e%20Entrada%20de%20R%24%2098.000%2C00.%20Ainda%20est%C3%A1%20dispon%C3%ADvel%3F
9171;Imóvel;R$ 195.680,56;R$ 94.605,00;181;R$ 1.346,90;HS;-;R$ 2.795,44;R$ 134,08;R$ 10.255,24;Reservada;https://wa.me/5517996482578?text=Ol%C3%A1%20Martins%21%20Vi%20no%20site%20a%20carta%20de%20Im%C3%B3vel%20%28ID%3A%209171%29%20com%20Cr%C3%A9dito%20de%20R%24%20195.680%2C56%20e%20Entrada%20de%20R%24%2094.605%2C00.%20Ainda%20est%C3%A1%20dispon%C3%ADvel%3F
9012;Imóvel;R$ 193.484,58;R$ 94.430,00;175;R$ 1.347,47;HS;-;R$ 2.764,07;R$ 129,69;R$ 17.545,51;Reservada;https://wa.me/5517996482578?text=Ol%C3%A1%20Martins%21%20Vi%20no%20site%20a%20carta%20de%20Im%C3%B3vel%20%28ID%3A%209012%29%20com%20Cr%C3%A9dito%20de%20R%24%20193.484%2C58%20e%20Entrada%20de%20R%24%2094.430%2C00.%20Ainda%20est%C3%A1%20dispon%C3%ADvel%3F
4046;Imóvel;R$ 192.577,22;R$ 90.000,00;121;R$ 1.708,94;HS;-;R$ 2.751,10;R$ 113,73;R$ 43.862,02;Reservada;https://wa.me/5517996482578?text=Ol%C3%A1%20Martins%21%20Vi%20no%20site%20a%20carta%20de%20Im%C3%B3vel%20%28ID%3A%204046%29%20com%20Cr%C3%A9dito%20de%20R%24%20192.577%2C22%20e%20Entrada%20de%20R%24%2090.000%2C00.%20Ainda%20est%C3%A1%20dispon%C3%ADvel%3F
9353;Veículo;R$ 192.393,40;R$ 94.272,00;90;R$ 2.270,20;HS;-;R$ 2.748,48;R$ 179,80;R$ 30.108,87;Reservada;https://wa.me/5517996482578?text=Ol%C3%A1%20Martins%21%20Vi%20no%20site%20a%20carta%20de%20Ve%C3%ADculo%20%28ID%3A%209353%29%20com%20Cr%C3%A9dito%20de%20R%24%20192.393%2C40%20e%20Entrada%20de%20R%24%2094.272%2C00.%20Ainda%20est%C3%A1%20dispon%C3%ADvel%3F
9330;Imóvel;R$ 192.082,00;R$ 94.120,00;179;R$ 1.327,64;HS;-;R$ 2.744,03;R$ 130,71;R$ 14.941,88;Reservada;https://wa.me/5517996482578?text=Ol%C3%A1%20Martins%21%20Vi%20no%20site%20a%20carta%20de%20Im%C3%B3vel%20%28ID%3A%209330%29%20com%20Cr%C3%A9dito%20de%20R%24%20192.082%2C00%20e%20Entrada%20de%20R%24%2094.120%2C00.%20Ainda%20est%C3%A1%20dispon%C3%ADvel%3F
9250;Imóvel;R$ 192.012,71;R$ 93.750,00;183;R$ 1.311,23;HS;-;R$ 2.743,04;R$ 131,98;R$ 11.665,16;Reservada;https://wa.me/5517996482578?text=Ol%C3%A1%20Martins%21%20Vi%20no%20site%20a%20carta%20de%20Im%C3%B3vel%20%28ID%3A%209250%29%20com%20Cr%C3%A9dito%20de%20R%24%20192.012%2C71%20e%20Entrada%20de%20R%24%2093.750%2C00.%20Ainda%20est%C3%A1%20dispon%C3%ADvel%3F
8061;Veículo;R$ 188.845,29;R$ 93.000,00;95;R$ 2.117,51;HS;-;R$ 2.697,79;R$ 177,02;R$ 20.568,02;Reservada;https://wa.me/5517996482578?text=Ol%C3%A1%20Martins%21%20Vi%20no%20site%20a%20carta%20de%20Ve%C3%ADculo%20%28ID%3A%208061%29%20com%20Cr%C3%A9dito%20de%20R%24%20188.845%2C29%20e%20Entrada%20de%20R%24%2093.000%2C00.%20Ainda%20est%C3%A1%20dispon%C3%ADvel%3F
9104;Imóvel;R$ 187.702,52;R$ 91.850,00;86;R$ 1.973,95;HS;-;R$ 2.681,46;R$ 93,37;R$ 46.866,21;Reservada;https://wa.me/5517996482578?text=Ol%C3%A1%20Martins%21%20Vi%20no%20site%20a%20carta%20de%20Im%C3%B3vel%20%28ID%3A%209104%29%20com%20Cr%C3%A9dito%20de%20R%24%20187.702%2C52%20e%20Entrada%20de%20R%24%2091.850%2C00.%20Ainda%20est%C3%A1%20dispon%C3%ADvel%3F
9424;Imóvel;R$ 187.312,63;R$ 91.354,00;180;R$ 1.292,41;HS;-;R$ 2.675,89;R$ 127,95;R$ 14.105,51;Disponível;https://wa.me/5517996482578?text=Ol%C3%A1%20Martins%21%20Vi%20no%20site%20a%20carta%20de%20Im%C3%B3vel%20%28ID%3A%209424%29%20com%20Cr%C3%A9dito%20de%20R%24%20187.312%2C63%20e%20Entrada%20de%20R%24%2091.354%2C00.%20Ainda%20est%C3%A1%20dispon%C3%ADvel%3F
9055;Imóvel;R$ 185.954,85;R$ 91.690,00;102;R$ 2.038,76;HS;-;R$ 2.656,50;R$ 114,37;R$ 43.713,31;Reservada;https://wa.me/5517996482578?text=Ol%C3%A1%20Martins%21%20Vi%20no%20site%20a%20carta%20de%20Im%C3%B3vel%20%28ID%3A%209055%29%20com%20Cr%C3%A9dito%20de%20R%24%20185.954%2C85%20e%20Entrada%20de%20R%24%2091.690%2C00.%20Ainda%20est%C3%A1%20dispon%C3%ADvel%3F
6028;Veículo;R$ 185.257,42;R$ 90.000,00;98;R$ 2.037,38;HS;-;R$ 2.646,53;R$ 175,70;R$ 19.071,08;Reservada;https://wa.me/5517996482578?text=Ol%C3%A1%20Martins%21%20Vi%20no%20site%20a%20carta%20de%20Ve%C3%ADculo%20%28ID%3A%206028%29%20com%20Cr%C3%A9dito%20de%20R%24%20185.257%2C42%20e%20Entrada%20de%20R%24%2090.000%2C00.%20Ainda%20est%C3%A1%20dispon%C3%ADvel%3F
9249;Imóvel;R$ 183.408,50;R$ 95.374,00;86;R$ 1.956,98;HS;-;R$ 2.620,12;R$ 92,57;R$ 64.432,05;Reservada;https://wa.me/5517996482578?text=Ol%C3%A1%20Martins%21%20Vi%20no%20site%20a%20carta%20de%20Im%C3%B3vel%20%28ID%3A%209249%29%20com%20Cr%C3%A9dito%20de%20R%24%20183.408%2C50%20e%20Entrada%20de%20R%24%2095.374%2C00.%20Ainda%20est%C3%A1%20dispon%C3%ADvel%3F
9295;Imóvel;R$ 182.492,78;R$ 88.598,00;186;R$ 1.313,70;HS;-;R$ 2.607,04;R$ 134,39;R$ 9.225,01;Reservada;https://wa.me/5517996482578?text=Ol%C3%A1%20Martins%21%20Vi%20no%20site%20a%20carta%20de%20Im%C3%B3vel%20%28ID%3A%209295%29%20com%20Cr%C3%A9dito%20de%20R%24%20182.492%2C78%20e%20Entrada%20de%20R%24%2088.598%2C00.%20Ainda%20est%C3%A1%20dispon%C3%ADvel%3F
9189;Imóvel;R$ 181.107,93;R$ 88.690,00;183;R$ 1.282,21;HS;-;R$ 2.587,26;R$ 129,05;R$ 10.507,29;Reservada;https://wa.me/5517996482578?text=Ol%C3%A1%20Martins%21%20Vi%20no%20site%20a%20carta%20de%20Im%C3%B3vel%20%28ID%3A%209189%29%20com%20Cr%C3%A9dito%20de%20R%24%20181.107%2C93%20e%20Entrada%20de%20R%24%2088.690%2C00.%20Ainda%20est%C3%A1%20dispon%C3%ADvel%3F
9129;Imóvel;R$ 177.567,93;R$ 86.340,00;186;R$ 1.294,45;HS;-;R$ 2.536,68;R$ 132,42;R$ 6.150,77;Reservada;https://wa.me/5517996482578?text=Ol%C3%A1%20Martins%21%20Vi%20no%20site%20a%20carta%20de%20Im%C3%B3vel%20%28ID%3A%209129%29%20com%20Cr%C3%A9dito%20de%20R%24%20177.567%2C93%20e%20Entrada%20de%20R%24%2086.340%2C00.%20Ainda%20est%C3%A1%20dispon%C3%ADvel%3F
9114;Veículo;R$ 172.061,04;R$ 84.310,00;54;R$ 3.078,00;HS;-;R$ 2.458,01;R$ 146,27;R$ 42.577,53;Reservada;https://wa.me/5517996482578?text=Ol%C3%A1%20Martins%21%20Vi%20no%20site%20a%20carta%20de%20Ve%C3%ADculo%20%28ID%3A%209114%29%20com%20Cr%C3%A9dito%20de%20R%24%20172.061%2C04%20e%20Entrada%20de%20R%24%2084.310%2C00.%20Ainda%20est%C3%A1%20dispon%C3%ADvel%3F
3584;Imóvel;R$ 168.802,00;R$ 79.900,00;39;R$ 4.344,16;HS;-;R$ 2.411,46;R$ 93,18;R$ 80.988,54;Reservada;https://wa.me/5517996482578?text=Ol%C3%A1%20Martins%21%20Vi%20no%20site%20a%20carta%20de%20Im%C3%B3vel%20%28ID%3A%203584%29%20com%20Cr%C3%A9dito%20de%20R%24%20168.802%2C00%20e%20Entrada%20de%20R%24%2079.900%2C00.%20Ainda%20est%C3%A1%20dispon%C3%ADvel%3F
9100;Imóvel;R$ 166.818,71;R$ 81.380,00;143;R$ 1.356,38;HS;-;R$ 2.383,12;R$ 106,68;R$ 5.654,15;Reservada;https://wa.me/5517996482578?text=Ol%C3%A1%20Martins%21%20Vi%20no%20site%20a%20carta%20de%20Im%C3%B3vel%20%28ID%3A%209100%29%20com%20Cr%C3%A9dito%20de%20R%24%20166.818%2C71%20e%20Entrada%20de%20R%24%2081.380%2C00.%20Ainda%20est%C3%A1%20dispon%C3%ADvel%3F
7070;Imóvel;R$ 166.325,30;R$ 82.900,00;137;R$ 1.303,61;HS;-;R$ 2.376,08;R$ 98,23;R$ 19.309,65;Reservada;https://wa.me/5517996482578?text=Ol%C3%A1%20Martins%21%20Vi%20no%20site%20a%20carta%20de%20Im%C3%B3vel%20%28ID%3A%207070%29%20com%20Cr%C3%A9dito%20de%20R%24%20166.325%2C30%20e%20Entrada%20de%20R%24%2082.900%2C00.%20Ainda%20est%C3%A1%20dispon%C3%ADvel%3F
9183;Imóvel;R$ 166.059,38;R$ 80.282,00;150;R$ 1.299,39;HS;-;R$ 2.372,28;R$ 107,20;R$ 19.279,96;Reservada;https://wa.me/5517996482578?text=Ol%C3%A1%20Martins%21%20Vi%20no%20site%20a%20carta%20de%20Im%C3%B3vel%20%28ID%3A%209183%29%20com%20Cr%C3%A9dito%20de%20R%24%20166.059%2C38%20e%20Entrada%20de%20R%24%2080.282%2C00.%20Ainda%20est%C3%A1%20dispon%C3%ADvel%3F
9273;Imóvel;R$ 165.444,61;R$ 80.076,00;142;R$ 1.349,77;HS;-;R$ 2.363,49;R$ 105,42;R$ 19.582,87;Reservada;https://wa.me/5517996482578?text=Ol%C3%A1%20Martins%21%20Vi%20no%20site%20a%20carta%20de%20Im%C3%B3vel%20%28ID%3A%209273%29%20com%20Cr%C3%A9dito%20de%20R%24%20165.444%2C61%20e%20Entrada%20de%20R%24%2080.076%2C00.%20Ainda%20est%C3%A1%20dispon%C3%ADvel%3F
9001;Imóvel;R$ 161.678,46;R$ 78.050,00;136;R$ 1.394,00;HS;-;R$ 2.309,69;R$ 104,27;R$ 20.493,25;Reservada;https://wa.me/5517996482578?text=Ol%C3%A1%20Martins%21%20Vi%20no%20site%20a%20carta%20de%20Im%C3%B3vel%20%28ID%3A%209001%29%20com%20Cr%C3%A9dito%20de%20R%24%20161.678%2C46%20e%20Entrada%20de%20R%24%2078.050%2C00.%20Ainda%20est%C3%A1%20dispon%C3%ADvel%3F
9411;Imóvel;R$ 161.060,78;R$ 79.531,90;129;R$ 1.390,52;HS;-;R$ 2.300,87;R$ 98,66;R$ 23.278,97;Disponível;https://wa.me/5517996482578?text=Ol%C3%A1%20Martins%21%20Vi%20no%20site%20a%20carta%20de%20Im%C3%B3vel%20%28ID%3A%209411%29%20com%20Cr%C3%A9dito%20de%20R%24%20161.060%2C78%20e%20Entrada%20de%20R%24%2079.531%2C90.%20Ainda%20est%C3%A1%20dispon%C3%ADvel%3F
9426;Imóvel;R$ 161.038,48;R$ 78.540,00;120;R$ 1.407,00;HS;-;R$ 2.300,55;R$ 92,86;R$ 38.444,61;Disponível;https://wa.me/5517996482578?text=Ol%C3%A1%20Martins%21%20Vi%20no%20site%20a%20carta%20de%20Im%C3%B3vel%20%28ID%3A%209426%29%20com%20Cr%C3%A9dito%20de%20R%24%20161.038%2C48%20e%20Entrada%20de%20R%24%2078.540%2C00.%20Ainda%20est%C3%A1%20dispon%C3%ADvel%3F
8046;Imóvel;R$ 161.008,67;R$ 80.170,00;79;R$ 1.805,29;HS;-;R$ 2.300,12;R$ 78,44;R$ 42.326,02;Reservada;https://wa.me/5517996482578?text=Ol%C3%A1%20Martins%21%20Vi%20no%20site%20a%20carta%20de%20Im%C3%B3vel%20%28ID%3A%208046%29%20com%20Cr%C3%A9dito%20de%20R%24%20161.008%2C67%20e%20Entrada%20de%20R%24%2080.170%2C00.%20Ainda%20est%C3%A1%20dispon%C3%ADvel%3F
9284;Veículo;R$ 159.875,91;R$ 79.940,00;62;R$ 2.361,25;HS;-;R$ 2.283,94;R$ 128,83;R$ 45.144,79;Reservada;https://wa.me/5517996482578?text=Ol%C3%A1%20Martins%21%20Vi%20no%20site%20a%20carta%20de%20Ve%C3%ADculo%20%28ID%3A%209284%29%20com%20Cr%C3%A9dito%20de%20R%24%20159.875%2C91%20e%20Entrada%20de%20R%24%2079.940%2C00.%20Ainda%20est%C3%A1%20dispon%C3%ADvel%3F
9133;Imóvel;R$ 159.740,37;R$ 76.830,00;61;R$ 2.100,04;HS;-;R$ 2.282,01;R$ 70,46;R$ 65.974,89;Reservada;https://wa.me/5517996482578?text=Ol%C3%A1%20Martins%21%20Vi%20no%20site%20a%20carta%20de%20Im%C3%B3vel%20%28ID%3A%209133%29%20com%20Cr%C3%A9dito%20de%20R%24%20159.740%2C37%20e%20Entrada%20de%20R%24%2076.830%2C00.%20Ainda%20est%C3%A1%20dispon%C3%ADvel%3F
9126;Imóvel;R$ 159.043,69;R$ 76.860,00;142;R$ 1.362,92;HS;-;R$ 2.272,05;R$ 106,44;R$ 22.281,53;Reservada;https://wa.me/5517996482578?text=Ol%C3%A1%20Martins%21%20Vi%20no%20site%20a%20carta%20de%20Im%C3%B3vel%20%28ID%3A%209126%29%20com%20Cr%C3%A9dito%20de%20R%24%20159.043%2C69%20e%20Entrada%20de%20R%24%2076.860%2C00.%20Ainda%20est%C3%A1%20dispon%C3%ADvel%3F
9169;Imóvel;R$ 157.872,40;R$ 76.325,00;125;R$ 1.429,05;HS;-;R$ 2.255,32;R$ 98,25;R$ 25.895,58;Reservada;https://wa.me/5517996482578?text=Ol%C3%A1%20Martins%21%20Vi%20no%20site%20a%20carta%20de%20Im%C3%B3vel%20%28ID%3A%209169%29%20com%20Cr%C3%A9dito%20de%20R%24%20157.872%2C40%20e%20Entrada%20de%20R%24%2076.325%2C00.%20Ainda%20est%C3%A1%20dispon%C3%ADvel%3F
9216;Imóvel;R$ 157.813,32;R$ 76.970,00;94;R$ 1.378,47;HS;-;R$ 2.254,48;R$ 71,27;R$ 69.004,80;Reservada;https://wa.me/5517996482578?text=Ol%C3%A1%20Martins%21%20Vi%20no%20site%20a%20carta%20de%20Im%C3%B3vel%20%28ID%3A%209216%29%20com%20Cr%C3%A9dito%20de%20R%24%20157.813%2C32%20e%20Entrada%20de%20R%24%2076.970%2C00.%20Ainda%20est%C3%A1%20dispon%C3%ADvel%3F
9260;Imóvel;R$ 157.187,53;R$ 75.990,00;176;R$ 1.078,93;HS;-;R$ 2.245,54;R$ 104,44;R$ 13.973,60;Reservada;https://wa.me/5517996482578?text=Ol%C3%A1%20Martins%21%20Vi%20no%20site%20a%20carta%20de%20Im%C3%B3vel%20%28ID%3A%209260%29%20com%20Cr%C3%A9dito%20de%20R%24%20157.187%2C53%20e%20Entrada%20de%20R%24%2075.990%2C00.%20Ainda%20est%C3%A1%20dispon%C3%ADvel%3F
9003;Imóvel;R$ 156.784,39;R$ 75.700,00;184;R$ 1.060,05;HS;-;R$ 2.239,78;R$ 107,28;R$ 8.071,31;Reservada;https://wa.me/5517996482578?text=Ol%C3%A1%20Martins%21%20Vi%20no%20site%20a%20carta%20de%20Im%C3%B3vel%20%28ID%3A%209003%29%20com%20Cr%C3%A9dito%20de%20R%24%20156.784%2C39%20e%20Entrada%20de%20R%24%2075.700%2C00.%20Ainda%20est%C3%A1%20dispon%C3%ADvel%3F
9292;Imóvel;R$ 155.093,60;R$ 75.297,00;180;R$ 1.063,19;HS;-;R$ 2.215,62;R$ 105,26;R$ 10.733,55;Reservada;https://wa.me/5517996482578?text=Ol%C3%A1%20Martins%21%20Vi%20no%20site%20a%20carta%20de%20Im%C3%B3vel%20%28ID%3A%209292%29%20com%20Cr%C3%A9dito%20de%20R%24%20155.093%2C60%20e%20Entrada%20de%20R%24%2075.297%2C00.%20Ainda%20est%C3%A1%20dispon%C3%ADvel%3F
9356;Imóvel;R$ 152.840,41;R$ 74.892,00;84;R$ 1.671,51;HS;-;R$ 2.183,43;R$ 77,22;R$ 52.688,16;Reservada;https://wa.me/5517996482578?text=Ol%C3%A1%20Martins%21%20Vi%20no%20site%20a%20carta%20de%20Im%C3%B3vel%20%28ID%3A%209356%29%20com%20Cr%C3%A9dito%20de%20R%24%20152.840%2C41%20e%20Entrada%20de%20R%24%2074.892%2C00.%20Ainda%20est%C3%A1%20dispon%C3%ADvel%3F
9389;Imóvel;R$ 152.628,98;R$ 75.169,00;129;R$ 1.381,73;HS;-;R$ 2.180,41;R$ 98,03;R$ 6.984,55;Disponível;https://wa.me/5517996482578?text=Ol%C3%A1%20Martins%21%20Vi%20no%20site%20a%20carta%20de%20Im%C3%B3vel%20%28ID%3A%209389%29%20com%20Cr%C3%A9dito%20de%20R%24%20152.628%2C98%20e%20Entrada%20de%20R%24%2075.169%2C00.%20Ainda%20est%C3%A1%20dispon%C3%ADvel%3F
8058;Imóvel;R$ 151.908,84;R$ 73.300,00;84;R$ 1.495,38;HS;-;R$ 2.170,13;R$ 69,09;R$ 50.419,98;Reservada;https://wa.me/5517996482578?text=Ol%C3%A1%20Martins%21%20Vi%20no%20site%20a%20carta%20de%20Im%C3%B3vel%20%28ID%3A%208058%29%20com%20Cr%C3%A9dito%20de%20R%24%20151.908%2C84%20e%20Entrada%20de%20R%24%2073.300%2C00.%20Ainda%20est%C3%A1%20dispon%C3%ADvel%3F
9288;Imóvel;R$ 151.854,47;R$ 74.051,00;175;R$ 1.081,33;HS;-;R$ 2.169,35;R$ 104,08;R$ 10.942,92;Reservada;https://wa.me/5517996482578?text=Ol%C3%A1%20Martins%21%20Vi%20no%20site%20a%20carta%20de%20Im%C3%B3vel%20%28ID%3A%209288%29%20com%20Cr%C3%A9dito%20de%20R%24%20151.854%2C47%20e%20Entrada%20de%20R%24%2074.051%2C00.%20Ainda%20est%C3%A1%20dispon%C3%ADvel%3F
9354;Imóvel;R$ 151.819,21;R$ 73.344,00;129;R$ 1.271,89;HS;-;R$ 2.168,85;R$ 90,24;R$ 31.027,43;Disponível;https://wa.me/5517996482578?text=Ol%C3%A1%20Martins%21%20Vi%20no%20site%20a%20carta%20de%20Im%C3%B3vel%20%28ID%3A%209354%29%20com%20Cr%C3%A9dito%20de%20R%24%20151.819%2C21%20e%20Entrada%20de%20R%24%2073.344%2C00.%20Ainda%20est%C3%A1%20dispon%C3%ADvel%3F
9421;Imóvel;R$ 151.251,70;R$ 74.394,00;103;R$ 1.416,74;HS;-;R$ 2.160,74;R$ 80,26;R$ 32.393,39;Disponível;https://wa.me/5517996482578?text=Ol%C3%A1%20Martins%21%20Vi%20no%20site%20a%20carta%20de%20Im%C3%B3vel%20%28ID%3A%209421%29%20com%20Cr%C3%A9dito%20de%20R%24%20151.251%2C70%20e%20Entrada%20de%20R%24%2074.394%2C00.%20Ainda%20est%C3%A1%20dispon%C3%ADvel%3F
8007;Imóvel;R$ 150.005,17;R$ 73.000,00;128;R$ 1.284,25;HS;-;R$ 2.142,93;R$ 90,41;R$ 14.282,52;Reservada;https://wa.me/5517996482578?text=Ol%C3%A1%20Martins%21%20Vi%20no%20site%20a%20carta%20de%20Im%C3%B3vel%20%28ID%3A%208007%29%20com%20Cr%C3%A9dito%20de%20R%24%20150.005%2C17%20e%20Entrada%20de%20R%24%2073.000%2C00.%20Ainda%20est%C3%A1%20dispon%C3%ADvel%3F
9298;Imóvel;R$ 149.756,74;R$ 72.254,00;146;R$ 1.193,60;HS;-;R$ 2.139,38;R$ 95,85;R$ 17.545,30;Disponível;https://wa.me/5517996482578?text=Ol%C3%A1%20Martins%21%20Vi%20no%20site%20a%20carta%20de%20Im%C3%B3vel%20%28ID%3A%209298%29%20com%20Cr%C3%A9dito%20de%20R%24%20149.756%2C74%20e%20Entrada%20de%20R%24%2072.254%2C00.%20Ainda%20est%C3%A1%20dispon%C3%ADvel%3F
9054;Imóvel;R$ 149.735,37;R$ 72.630,00;136;R$ 1.217,83;HS;-;R$ 2.139,08;R$ 91,09;R$ 26.620,89;Reservada;https://wa.me/5517996482578?text=Ol%C3%A1%20Martins%21%20Vi%20no%20site%20a%20carta%20de%20Im%C3%B3vel%20%28ID%3A%209054%29%20com%20Cr%C3%A9dito%20de%20R%24%20149.735%2C37%20e%20Entrada%20de%20R%24%2072.630%2C00.%20Ainda%20est%C3%A1%20dispon%C3%ADvel%3F
8098;Veículo;R$ 149.002,84;R$ 73.400,00;110;R$ 1.533,31;HS;-;R$ 2.128,61;R$ 148,42;R$ 2.268,90;Reservada;https://wa.me/5517996482578?text=Ol%C3%A1%20Martins%21%20Vi%20no%20site%20a%20carta%20de%20Ve%C3%ADculo%20%28ID%3A%208098%29%20com%20Cr%C3%A9dito%20de%20R%24%20149.002%2C84%20e%20Entrada%20de%20R%24%2073.400%2C00.%20Ainda%20est%C3%A1%20dispon%C3%ADvel%3F
9085;Veículo;R$ 148.955,93;R$ 71.980,00;96;R$ 1.806,55;HS;-;R$ 2.127,94;R$ 152,62;R$ 7.015,62;Reservada;https://wa.me/5517996482578?text=Ol%C3%A1%20Martins%21%20Vi%20no%20site%20a%20carta%20de%20Ve%C3%ADculo%20%28ID%3A%209085%29%20com%20Cr%C3%A9dito%20de%20R%24%20148.955%2C93%20e%20Entrada%20de%20R%24%2071.980%2C00.%20Ainda%20est%C3%A1%20dispon%C3%ADvel%3F
9428;Imóvel;R$ 147.765,61;R$ 72.066,00;114;R$ 1.316,49;HS;-;R$ 2.110,94;R$ 82,54;R$ 37.145,79;Disponível;https://wa.me/5517996482578?text=Ol%C3%A1%20Martins%21%20Vi%20no%20site%20a%20carta%20de%20Im%C3%B3vel%20%28ID%3A%209428%29%20com%20Cr%C3%A9dito%20de%20R%24%20147.765%2C61%20e%20Entrada%20de%20R%24%2072.066%2C00.%20Ainda%20est%C3%A1%20dispon%C3%ADvel%3F
8043;Imóvel;R$ 147.071,66;R$ 71.270,00;189;R$ 950,73;HS;-;R$ 2.101,02;R$ 98,83;R$ 3.618,96;Reservada;https://wa.me/5517996482578?text=Ol%C3%A1%20Martins%21%20Vi%20no%20site%20a%20carta%20de%20Im%C3%B3vel%20%28ID%3A%208043%29%20com%20Cr%C3%A9dito%20de%20R%24%20147.071%2C66%20e%20Entrada%20de%20R%24%2071.270%2C00.%20Ainda%20est%C3%A1%20dispon%C3%ADvel%3F
9138;Imóvel;R$ 146.960,37;R$ 70.880,00;191;R$ 973,75;HS;-;R$ 2.099,43;R$ 102,29;R$ 3.690,09;Reservada;https://wa.me/5517996482578?text=Ol%C3%A1%20Martins%21%20Vi%20no%20site%20a%20carta%20de%20Im%C3%B3vel%20%28ID%3A%209138%29%20com%20Cr%C3%A9dito%20de%20R%24%20146.960%2C37%20e%20Entrada%20de%20R%24%2070.880%2C00.%20Ainda%20est%C3%A1%20dispon%C3%ADvel%3F
9134;Imóvel;R$ 146.956,57;R$ 70.890,00;189;R$ 977,53;HS;-;R$ 2.099,38;R$ 101,61;R$ 4.919,93;Reservada;https://wa.me/5517996482578?text=Ol%C3%A1%20Martins%21%20Vi%20no%20site%20a%20carta%20de%20Im%C3%B3vel%20%28ID%3A%209134%29%20com%20Cr%C3%A9dito%20de%20R%24%20146.956%2C57%20e%20Entrada%20de%20R%24%2070.890%2C00.%20Ainda%20est%C3%A1%20dispon%C3%ADvel%3F
9257;Veículo;R$ 146.771,64;R$ 71.920,00;104;R$ 1.594,80;HS;-;R$ 2.096,74;R$ 145,96;R$ 13.597,02;Reservada;https://wa.me/5517996482578?text=Ol%C3%A1%20Martins%21%20Vi%20no%20site%20a%20carta%20de%20Ve%C3%ADculo%20%28ID%3A%209257%29%20com%20Cr%C3%A9dito%20de%20R%24%20146.771%2C64%20e%20Entrada%20de%20R%24%2071.920%2C00.%20Ainda%20est%C3%A1%20dispon%C3%ADvel%3F
9399;Imóvel;R$ 146.143,52;R$ 71.610,00;121;R$ 1.177,52;HS;-;R$ 2.087,76;R$ 78,36;R$ 33.138,37;Reservada;https://wa.me/5517996482578?text=Ol%C3%A1%20Martins%21%20Vi%20no%20site%20a%20carta%20de%20Im%C3%B3vel%20%28ID%3A%209399%29%20com%20Cr%C3%A9dito%20de%20R%24%20146.143%2C52%20e%20Entrada%20de%20R%24%2071.610%2C00.%20Ainda%20est%C3%A1%20dispon%C3%ADvel%3F
7058;Imóvel;R$ 145.556,78;R$ 69.100,00;189;R$ 949,30;HS;-;R$ 2.079,38;R$ 98,68;R$ 1.845,01;Reservada;https://wa.me/5517996482578?text=Ol%C3%A1%20Martins%21%20Vi%20no%20site%20a%20carta%20de%20Im%C3%B3vel%20%28ID%3A%207058%29%20com%20Cr%C3%A9dito%20de%20R%24%20145.556%2C78%20e%20Entrada%20de%20R%24%2069.100%2C00.%20Ainda%20est%C3%A1%20dispon%C3%ADvel%3F
8000;Imóvel;R$ 145.535,95;R$ 69.200,00;189;R$ 952,45;HS;-;R$ 2.079,09;R$ 99,01;R$ 1.230,00;Reservada;https://wa.me/5517996482578?text=Ol%C3%A1%20Martins%21%20Vi%20no%20site%20a%20carta%20de%20Im%C3%B3vel%20%28ID%3A%208000%29%20com%20Cr%C3%A9dito%20de%20R%24%20145.535%2C95%20e%20Entrada%20de%20R%24%2069.200%2C00.%20Ainda%20est%C3%A1%20dispon%C3%ADvel%3F
9032;Veículo;R$ 144.906,01;R$ 69.960,00;78;R$ 1.896,82;HS;-;R$ 2.070,09;R$ 130,20;R$ 25.916,23;Reservada;https://wa.me/5517996482578?text=Ol%C3%A1%20Martins%21%20Vi%20no%20site%20a%20carta%20de%20Ve%C3%ADculo%20%28ID%3A%209032%29%20com%20Cr%C3%A9dito%20de%20R%24%20144.906%2C01%20e%20Entrada%20de%20R%24%2069.960%2C00.%20Ainda%20est%C3%A1%20dispon%C3%ADvel%3F
9469;Imóvel;R$ 144.685,53;R$ 71.314,00;112;R$ 1.418,94;HS;-;R$ 2.066,94;R$ 87,41;R$ 16.795,02;Disponível;https://wa.me/5517996482578?text=Ol%C3%A1%20Martins%21%20Vi%20no%20site%20a%20carta%20de%20Im%C3%B3vel%20%28ID%3A%209469%29%20com%20Cr%C3%A9dito%20de%20R%24%20144.685%2C53%20e%20Entrada%20de%20R%24%2071.314%2C00.%20Ainda%20est%C3%A1%20dispon%C3%ADvel%3F
9449;Veículo;R$ 144.660,25;R$ 70.883,00;79;R$ 1.757,67;HS;-;R$ 2.066,58;R$ 122,19;R$ 35.519,56;Reservada;https://wa.me/5517996482578?text=Ol%C3%A1%20Martins%21%20Vi%20no%20site%20a%20carta%20de%20Ve%C3%ADculo%20%28ID%3A%209449%29%20com%20Cr%C3%A9dito%20de%20R%24%20144.660%2C25%20e%20Entrada%20de%20R%24%2070.883%2C00.%20Ainda%20est%C3%A1%20dispon%C3%ADvel%3F
9191;Imóvel;R$ 143.681,43;R$ 69.470,00;114;R$ 1.313,67;HS;-;R$ 2.052,59;R$ 82,37;R$ 33.605,78;Reservada;https://wa.me/5517996482578?text=Ol%C3%A1%20Martins%21%20Vi%20no%20site%20a%20carta%20de%20Im%C3%B3vel%20%28ID%3A%209191%29%20com%20Cr%C3%A9dito%20de%20R%24%20143.681%2C43%20e%20Entrada%20de%20R%24%2069.470%2C00.%20Ainda%20est%C3%A1%20dispon%C3%ADvel%3F
9195;Imóvel;R$ 143.560,92;R$ 70.266,00;103;R$ 1.338,09;HS;-;R$ 2.050,87;R$ 75,80;R$ 30.904,74;Reservada;https://wa.me/5517996482578?text=Ol%C3%A1%20Martins%21%20Vi%20no%20site%20a%20carta%20de%20Im%C3%B3vel%20%28ID%3A%209195%29%20com%20Cr%C3%A9dito%20de%20R%24%20143.560%2C92%20e%20Entrada%20de%20R%24%2070.266%2C00.%20Ainda%20est%C3%A1%20dispon%C3%ADvel%3F
3897;Imóvel;R$ 143.497,99;R$ 67.900,00;43;R$ 3.537,78;HS;-;R$ 2.049,97;R$ 83,67;R$ 27.908,91;Reservada;https://wa.me/5517996482578?text=Ol%C3%A1%20Martins%21%20Vi%20no%20site%20a%20carta%20de%20Im%C3%B3vel%20%28ID%3A%203897%29%20com%20Cr%C3%A9dito%20de%20R%24%20143.497%2C99%20e%20Entrada%20de%20R%24%2067.900%2C00.%20Ainda%20est%C3%A1%20dispon%C3%ADvel%3F
9322;Veículo;R$ 143.425,30;R$ 75.289,00;77;R$ 1.765,25;HS;-;R$ 2.048,93;R$ 119,61;R$ 33.634,53;Reservada;https://wa.me/5517996482578?text=Ol%C3%A1%20Martins%21%20Vi%20no%20site%20a%20carta%20de%20Ve%C3%ADculo%20%28ID%3A%209322%29%20com%20Cr%C3%A9dito%20de%20R%24%20143.425%2C30%20e%20Entrada%20de%20R%24%2075.289%2C00.%20Ainda%20est%C3%A1%20dispon%C3%ADvel%3F
9291;Imóvel;R$ 143.318,60;R$ 69.070,00;187;R$ 981,38;HS;-;R$ 2.047,41;R$ 100,93;R$ 2.460,00;Disponível;https://wa.me/5517996482578?text=Ol%C3%A1%20Martins%21%20Vi%20no%20site%20a%20carta%20de%20Im%C3%B3vel%20%28ID%3A%209291%29%20com%20Cr%C3%A9dito%20de%20R%24%20143.318%2C60%20e%20Entrada%20de%20R%24%2069.070%2C00.%20Ainda%20est%C3%A1%20dispon%C3%ADvel%3F
9106;Imóvel;R$ 143.198,59;R$ 69.070,00;187;R$ 961,75;HS;-;R$ 2.045,69;R$ 98,92;R$ 6.149,92;Reservada;https://wa.me/5517996482578?text=Ol%C3%A1%20Martins%21%20Vi%20no%20site%20a%20carta%20de%20Im%C3%B3vel%20%28ID%3A%209106%29%20com%20Cr%C3%A9dito%20de%20R%24%20143.198%2C59%20e%20Entrada%20de%20R%24%2069.070%2C00.%20Ainda%20est%C3%A1%20dispon%C3%ADvel%3F
9004;Imóvel;R$ 143.088,28;R$ 69.100,00;194;R$ 951,05;HS;-;R$ 2.044,12;R$ 101,48;R$ 2.461,57;Reservada;https://wa.me/5517996482578?text=Ol%C3%A1%20Martins%21%20Vi%20no%20site%20a%20carta%20de%20Im%C3%B3vel%20%28ID%3A%209004%29%20com%20Cr%C3%A9dito%20de%20R%24%20143.088%2C28%20e%20Entrada%20de%20R%24%2069.100%2C00.%20Ainda%20est%C3%A1%20dispon%C3%ADvel%3F
9229;Imóvel;R$ 141.887,17;R$ 70.030,00;102;R$ 1.341,57;HS;-;R$ 2.026,96;R$ 75,26;R$ 31.052,95;Reservada;https://wa.me/5517996482578?text=Ol%C3%A1%20Martins%21%20Vi%20no%20site%20a%20carta%20de%20Im%C3%B3vel%20%28ID%3A%209229%29%20com%20Cr%C3%A9dito%20de%20R%24%20141.887%2C17%20e%20Entrada%20de%20R%24%2070.030%2C00.%20Ainda%20est%C3%A1%20dispon%C3%ADvel%3F
9334;Imóvel;R$ 140.960,00;R$ 69.070,00;197;R$ 945,91;HS;-;R$ 2.013,71;R$ 102,49;R$ 615,00;Reservada;https://wa.me/5517996482578?text=Ol%C3%A1%20Martins%21%20Vi%20no%20site%20a%20carta%20de%20Im%C3%B3vel%20%28ID%3A%209334%29%20com%20Cr%C3%A9dito%20de%20R%24%20140.960%2C00%20e%20Entrada%20de%20R%24%2069.070%2C00.%20Ainda%20est%C3%A1%20dispon%C3%ADvel%3F
9092;Imóvel;R$ 140.474,99;R$ 69.670,00;91;R$ 1.540,41;HS;-;R$ 2.006,79;R$ 77,10;R$ 30.040,52;Reservada;https://wa.me/5517996482578?text=Ol%C3%A1%20Martins%21%20Vi%20no%20site%20a%20carta%20de%20Im%C3%B3vel%20%28ID%3A%209092%29%20com%20Cr%C3%A9dito%20de%20R%24%20140.474%2C99%20e%20Entrada%20de%20R%24%2069.670%2C00.%20Ainda%20est%C3%A1%20dispon%C3%ADvel%3F
9461;Veículo;R$ 140.415,57;R$ 68.508,00;82;R$ 1.880,36;HS;-;R$ 2.005,94;R$ 135,69;R$ 16.851,79;Disponível;https://wa.me/5517996482578?text=Ol%C3%A1%20Martins%21%20Vi%20no%20site%20a%20carta%20de%20Ve%C3%ADculo%20%28ID%3A%209461%29%20com%20Cr%C3%A9dito%20de%20R%24%20140.415%2C57%20e%20Entrada%20de%20R%24%2068.508%2C00.%20Ainda%20est%C3%A1%20dispon%C3%ADvel%3F
9123;Imóvel;R$ 137.523,21;R$ 67.060,00;73;R$ 1.600,32;HS;-;R$ 1.964,62;R$ 64,25;R$ 53.868,26;Reservada;https://wa.me/5517996482578?text=Ol%C3%A1%20Martins%21%20Vi%20no%20site%20a%20carta%20de%20Im%C3%B3vel%20%28ID%3A%209123%29%20com%20Cr%C3%A9dito%20de%20R%24%20137.523%2C21%20e%20Entrada%20de%20R%24%2067.060%2C00.%20Ainda%20est%C3%A1%20dispon%C3%ADvel%3F
9266;Veículo;R$ 136.637,44;R$ 66.954,00;92;R$ 1.640,00;HS;-;R$ 1.951,96;R$ 132,77;R$ 16.312,72;Reservada;https://wa.me/5517996482578?text=Ol%C3%A1%20Martins%21%20Vi%20no%20site%20a%20carta%20de%20Ve%C3%ADculo%20%28ID%3A%209266%29%20com%20Cr%C3%A9dito%20de%20R%24%20136.637%2C44%20e%20Entrada%20de%20R%24%2066.954%2C00.%20Ainda%20est%C3%A1%20dispon%C3%ADvel%3F
9336;Imóvel;R$ 136.606,91;R$ 66.927,00;151;R$ 1.015,70;HS;-;R$ 1.951,53;R$ 84,35;R$ 11.608,95;Disponível;https://wa.me/5517996482578?text=Ol%C3%A1%20Martins%21%20Vi%20no%20site%20a%20carta%20de%20Im%C3%B3vel%20%28ID%3A%209336%29%20com%20Cr%C3%A9dito%20de%20R%24%20136.606%2C91%20e%20Entrada%20de%20R%24%2066.927%2C00.%20Ainda%20est%C3%A1%20dispon%C3%ADvel%3F
8055;Imóvel;R$ 136.532,72;R$ 67.450,00;68;R$ 1.348,71;HS;-;R$ 1.950,47;R$ 50,44;R$ 61.485,45;Reservada;https://wa.me/5517996482578?text=Ol%C3%A1%20Martins%21%20Vi%20no%20site%20a%20carta%20de%20Im%C3%B3vel%20%28ID%3A%208055%29%20com%20Cr%C3%A9dito%20de%20R%24%20136.532%2C72%20e%20Entrada%20de%20R%24%2067.450%2C00.%20Ainda%20est%C3%A1%20dispon%C3%ADvel%3F
9319;Imóvel;R$ 135.781,23;R$ 66.564,00;147;R$ 1.026,84;HS;-;R$ 1.939,73;R$ 83,02;R$ 11.890,23;Disponível;https://wa.me/5517996482578?text=Ol%C3%A1%20Martins%21%20Vi%20no%20site%20a%20carta%20de%20Im%C3%B3vel%20%28ID%3A%209319%29%20com%20Cr%C3%A9dito%20de%20R%24%20135.781%2C23%20e%20Entrada%20de%20R%24%2066.564%2C00.%20Ainda%20est%C3%A1%20dispon%C3%ADvel%3F
8096;Imóvel;R$ 135.665,47;R$ 66.450,00;137;R$ 919,18;HS;-;R$ 1.938,08;R$ 69,26;R$ 14.498,58;Reservada;https://wa.me/5517996482578?text=Ol%C3%A1%20Martins%21%20Vi%20no%20site%20a%20carta%20de%20Im%C3%B3vel%20%28ID%3A%208096%29%20com%20Cr%C3%A9dito%20de%20R%24%20135.665%2C47%20e%20Entrada%20de%20R%24%2066.450%2C00.%20Ainda%20est%C3%A1%20dispon%C3%ADvel%3F
9423;Imóvel;R$ 134.023,34;R$ 65.364,00;114;R$ 1.331,10;HS;-;R$ 1.914,62;R$ 83,46;R$ 22.944,25;Disponível;https://wa.me/5517996482578?text=Ol%C3%A1%20Martins%21%20Vi%20no%20site%20a%20carta%20de%20Im%C3%B3vel%20%28ID%3A%209423%29%20com%20Cr%C3%A9dito%20de%20R%24%20134.023%2C34%20e%20Entrada%20de%20R%24%2065.364%2C00.%20Ainda%20est%C3%A1%20dispon%C3%ADvel%3F
9190;Veículo;R$ 133.474,71;R$ 64.780,00;71;R$ 2.315,83;HS;-;R$ 1.906,78;R$ 144,69;R$ 3.317,49;Reservada;https://wa.me/5517996482578?text=Ol%C3%A1%20Martins%21%20Vi%20no%20site%20a%20carta%20de%20Ve%C3%ADculo%20%28ID%3A%209190%29%20com%20Cr%C3%A9dito%20de%20R%24%20133.474%2C71%20e%20Entrada%20de%20R%24%2064.780%2C00.%20Ainda%20est%C3%A1%20dispon%C3%ADvel%3F
9369;Veículo;R$ 132.000,32;R$ 64.680,00;67;R$ 1.985,18;HS;-;R$ 1.885,72;R$ 117,05;R$ 27.314,40;Reservada;https://wa.me/5517996482578?text=Ol%C3%A1%20Martins%21%20Vi%20no%20site%20a%20carta%20de%20Ve%C3%ADculo%20%28ID%3A%209369%29%20com%20Cr%C3%A9dito%20de%20R%24%20132.000%2C32%20e%20Entrada%20de%20R%24%2064.680%2C00.%20Ainda%20est%C3%A1%20dispon%C3%ADvel%3F
9005;Imóvel;R$ 131.762,06;R$ 63.610,00;128;R$ 1.099,16;HS;-;R$ 1.882,32;R$ 77,38;R$ 28.041,02;Reservada;https://wa.me/5517996482578?text=Ol%C3%A1%20Martins%21%20Vi%20no%20site%20a%20carta%20de%20Im%C3%B3vel%20%28ID%3A%209005%29%20com%20Cr%C3%A9dito%20de%20R%24%20131.762%2C06%20e%20Entrada%20de%20R%24%2063.610%2C00.%20Ainda%20est%C3%A1%20dispon%C3%ADvel%3F
9405;Veículo;R$ 131.147,03;R$ 64.262,00;73;R$ 1.693,08;HS;-;R$ 1.873,53;R$ 108,76;R$ 27.127,05;Reservada;https://wa.me/5517996482578?text=Ol%C3%A1%20Martins%21%20Vi%20no%20site%20a%20carta%20de%20Ve%C3%ADculo%20%28ID%3A%209405%29%20com%20Cr%C3%A9dito%20de%20R%24%20131.147%2C03%20e%20Entrada%20de%20R%24%2064.262%2C00.%20Ainda%20est%C3%A1%20dispon%C3%ADvel%3F
9159;Imóvel;R$ 130.265,46;R$ 63.720,00;133;R$ 1.007,38;HS;-;R$ 1.860,94;R$ 73,69;R$ 23.274,42;Reservada;https://wa.me/5517996482578?text=Ol%C3%A1%20Martins%21%20Vi%20no%20site%20a%20carta%20de%20Im%C3%B3vel%20%28ID%3A%209159%29%20com%20Cr%C3%A9dito%20de%20R%24%20130.265%2C46%20e%20Entrada%20de%20R%24%2063.720%2C00.%20Ainda%20est%C3%A1%20dispon%C3%ADvel%3F
9310;Imóvel;R$ 126.021,95;R$ 60.790,00;151;R$ 978,10;HS;-;R$ 1.800,31;R$ 81,23;R$ 13.498,89;Disponível;https://wa.me/5517996482578?text=Ol%C3%A1%20Martins%21%20Vi%20no%20site%20a%20carta%20de%20Im%C3%B3vel%20%28ID%3A%209310%29%20com%20Cr%C3%A9dito%20de%20R%24%20126.021%2C95%20e%20Entrada%20de%20R%24%2060.790%2C00.%20Ainda%20est%C3%A1%20dispon%C3%ADvel%3F
9458;Veículo;R$ 124.700,02;R$ 60.840,00;85;R$ 1.710,40;HS;-;R$ 1.781,43;R$ 127,94;R$ 6.761,44;Disponível;https://wa.me/5517996482578?text=Ol%C3%A1%20Martins%21%20Vi%20no%20site%20a%20carta%20de%20Ve%C3%ADculo%20%28ID%3A%209458%29%20com%20Cr%C3%A9dito%20de%20R%24%20124.700%2C02%20e%20Entrada%20de%20R%24%2060.840%2C00.%20Ainda%20est%C3%A1%20dispon%C3%ADvel%3F
9238;Imóvel;R$ 120.081,44;R$ 58.840,00;171;R$ 836,69;HS;-;R$ 1.715,45;R$ 78,69;R$ 3.706,08;Reservada;https://wa.me/5517996482578?text=Ol%C3%A1%20Martins%21%20Vi%20no%20site%20a%20carta%20de%20Im%C3%B3vel%20%28ID%3A%209238%29%20com%20Cr%C3%A9dito%20de%20R%24%20120.081%2C44%20e%20Entrada%20de%20R%24%2058.840%2C00.%20Ainda%20est%C3%A1%20dispon%C3%ADvel%3F
9101;Imóvel;R$ 119.926,09;R$ 58.630,00;167;R$ 848,29;HS;-;R$ 1.713,23;R$ 77,92;R$ 5.087,52;Reservada;https://wa.me/5517996482578?text=Ol%C3%A1%20Martins%21%20Vi%20no%20site%20a%20carta%20de%20Im%C3%B3vel%20%28ID%3A%209101%29%20com%20Cr%C3%A9dito%20de%20R%24%20119.926%2C09%20e%20Entrada%20de%20R%24%2058.630%2C00.%20Ainda%20est%C3%A1%20dispon%C3%ADvel%3F
9326;Imóvel;R$ 119.709,94;R$ 58.996,00;132;R$ 877,38;HS;-;R$ 1.710,14;R$ 63,70;R$ 20.838,93;Reservada;https://wa.me/5517996482578?text=Ol%C3%A1%20Martins%21%20Vi%20no%20site%20a%20carta%20de%20Im%C3%B3vel%20%28ID%3A%209326%29%20com%20Cr%C3%A9dito%20de%20R%24%20119.709%2C94%20e%20Entrada%20de%20R%24%2058.996%2C00.%20Ainda%20est%C3%A1%20dispon%C3%ADvel%3F
9181;Imóvel;R$ 119.332,26;R$ 57.695,00;143;R$ 1.008,50;HS;-;R$ 1.704,75;R$ 79,32;R$ 11.519,94;Reservada;https://wa.me/5517996482578?text=Ol%C3%A1%20Martins%21%20Vi%20no%20site%20a%20carta%20de%20Im%C3%B3vel%20%28ID%3A%209181%29%20com%20Cr%C3%A9dito%20de%20R%24%20119.332%2C26%20e%20Entrada%20de%20R%24%2057.695%2C00.%20Ainda%20est%C3%A1%20dispon%C3%ADvel%3F
9364;Imóvel;R$ 119.161,24;R$ 58.620,00;124;R$ 1.109,04;HS;-;R$ 1.702,30;R$ 75,64;R$ 7.190,32;Disponível;https://wa.me/5517996482578?text=Ol%C3%A1%20Martins%21%20Vi%20no%20site%20a%20carta%20de%20Im%C3%B3vel%20%28ID%3A%209364%29%20com%20Cr%C3%A9dito%20de%20R%24%20119.161%2C24%20e%20Entrada%20de%20R%24%2058.620%2C00.%20Ainda%20est%C3%A1%20dispon%C3%ADvel%3F
9059;Imóvel;R$ 118.076,39;R$ 57.890,00;133;R$ 910,60;HS;-;R$ 1.686,81;R$ 66,61;R$ 18.109,48;Reservada;https://wa.me/5517996482578?text=Ol%C3%A1%20Martins%21%20Vi%20no%20site%20a%20carta%20de%20Im%C3%B3vel%20%28ID%3A%209059%29%20com%20Cr%C3%A9dito%20de%20R%24%20118.076%2C39%20e%20Entrada%20de%20R%24%2057.890%2C00.%20Ainda%20est%C3%A1%20dispon%C3%ADvel%3F
9434;Imóvel;R$ 117.379,63;R$ 57.646,00;139;R$ 918,81;HS;-;R$ 1.676,85;R$ 70,24;R$ 14.495,84;Disponível;https://wa.me/5517996482578?text=Ol%C3%A1%20Martins%21%20Vi%20no%20site%20a%20carta%20de%20Im%C3%B3vel%20%28ID%3A%209434%29%20com%20Cr%C3%A9dito%20de%20R%24%20117.379%2C63%20e%20Entrada%20de%20R%24%2057.646%2C00.%20Ainda%20est%C3%A1%20dispon%C3%ADvel%3F
9090;Veículo;R$ 117.150,57;R$ 59.245,00;72;R$ 1.805,18;HS;-;R$ 1.673,58;R$ 114,38;R$ 9.750,32;Reservada;https://wa.me/5517996482578?text=Ol%C3%A1%20Martins%21%20Vi%20no%20site%20a%20carta%20de%20Ve%C3%ADculo%20%28ID%3A%209090%29%20com%20Cr%C3%A9dito%20de%20R%24%20117.150%2C57%20e%20Entrada%20de%20R%24%2059.245%2C00.%20Ainda%20est%C3%A1%20dispon%C3%ADvel%3F
9276;Veículo;R$ 117.094,37;R$ 57.378,00;69;R$ 1.513,83;HS;-;R$ 1.672,78;R$ 91,92;R$ 35.369,58;Reservada;https://wa.me/5517996482578?text=Ol%C3%A1%20Martins%21%20Vi%20no%20site%20a%20carta%20de%20Ve%C3%ADculo%20%28ID%3A%209276%29%20com%20Cr%C3%A9dito%20de%20R%24%20117.094%2C37%20e%20Entrada%20de%20R%24%2057.378%2C00.%20Ainda%20est%C3%A1%20dispon%C3%ADvel%3F
9294;Imóvel;R$ 116.391,67;R$ 57.160,00;137;R$ 920,94;HS;-;R$ 1.662,74;R$ 69,39;R$ 14.939,55;Reservada;https://wa.me/5517996482578?text=Ol%C3%A1%20Martins%21%20Vi%20no%20site%20a%20carta%20de%20Im%C3%B3vel%20%28ID%3A%209294%29%20com%20Cr%C3%A9dito%20de%20R%24%20116.391%2C67%20e%20Entrada%20de%20R%24%2057.160%2C00.%20Ainda%20est%C3%A1%20dispon%C3%ADvel%3F
7073;Veículo;R$ 116.243,53;R$ 57.000,00;70;R$ 1.496,82;HS;-;R$ 1.660,62;R$ 92,20;R$ 35.415,44;Reservada;https://wa.me/5517996482578?text=Ol%C3%A1%20Martins%21%20Vi%20no%20site%20a%20carta%20de%20Ve%C3%ADculo%20%28ID%3A%207073%29%20com%20Cr%C3%A9dito%20de%20R%24%20116.243%2C53%20e%20Entrada%20de%20R%24%2057.000%2C00.%20Ainda%20est%C3%A1%20dispon%C3%ADvel%3F
9268;Imóvel;R$ 115.892,74;R$ 56.027,00;117;R$ 1.010,76;HS;-;R$ 1.655,61;R$ 65,04;R$ 28.175,00;Reservada;https://wa.me/5517996482578?text=Ol%C3%A1%20Martins%21%20Vi%20no%20site%20a%20carta%20de%20Im%C3%B3vel%20%28ID%3A%209268%29%20com%20Cr%C3%A9dito%20de%20R%24%20115.892%2C74%20e%20Entrada%20de%20R%24%2056.027%2C00.%20Ainda%20est%C3%A1%20dispon%C3%ADvel%3F
9307;Imóvel;R$ 113.956,48;R$ 55.570,00;111;R$ 1.026,77;HS;-;R$ 1.627,95;R$ 62,68;R$ 31.416,73;Reservada;https://wa.me/5517996482578?text=Ol%C3%A1%20Martins%21%20Vi%20no%20site%20a%20carta%20de%20Im%C3%B3vel%20%28ID%3A%209307%29%20com%20Cr%C3%A9dito%20de%20R%24%20113.956%2C48%20e%20Entrada%20de%20R%24%2055.570%2C00.%20Ainda%20est%C3%A1%20dispon%C3%ADvel%3F
9308;Veículo;R$ 113.864,53;R$ 55.794,00;91;R$ 1.519,84;HS;-;R$ 1.626,64;R$ 121,71;R$ 1.571,52;Reservada;https://wa.me/5517996482578?text=Ol%C3%A1%20Martins%21%20Vi%20no%20site%20a%20carta%20de%20Ve%C3%ADculo%20%28ID%3A%209308%29%20com%20Cr%C3%A9dito%20de%20R%24%20113.864%2C53%20e%20Entrada%20de%20R%24%2055.794%2C00.%20Ainda%20est%C3%A1%20dispon%C3%ADvel%3F
9251;Imóvel;R$ 113.453,79;R$ 55.594,00;155;R$ 840,79;HS;-;R$ 1.620,77;R$ 71,68;R$ 8.533,21;Reservada;https://wa.me/5517996482578?text=Ol%C3%A1%20Martins%21%20Vi%20no%20site%20a%20carta%20de%20Im%C3%B3vel%20%28ID%3A%209251%29%20com%20Cr%C3%A9dito%20de%20R%24%20113.453%2C79%20e%20Entrada%20de%20R%24%2055.594%2C00.%20Ainda%20est%C3%A1%20dispon%C3%ADvel%3F
9302;Imóvel;R$ 113.013,20;R$ 55.376,00;109;R$ 1.029,36;HS;-;R$ 1.614,47;R$ 61,71;R$ 32.659,68;Reservada;https://wa.me/5517996482578?text=Ol%C3%A1%20Martins%21%20Vi%20no%20site%20a%20carta%20de%20Im%C3%B3vel%20%28ID%3A%209302%29%20com%20Cr%C3%A9dito%20de%20R%24%20113.013%2C20%20e%20Entrada%20de%20R%24%2055.376%2C00.%20Ainda%20est%C3%A1%20dispon%C3%ADvel%3F
8087;Imóvel;R$ 112.514,00;R$ 55.200,00;139;R$ 909,25;HS;-;R$ 1.607,34;R$ 69,51;R$ 10.306,05;Reservada;https://wa.me/5517996482578?text=Ol%C3%A1%20Martins%21%20Vi%20no%20site%20a%20carta%20de%20Im%C3%B3vel%20%28ID%3A%208087%29%20com%20Cr%C3%A9dito%20de%20R%24%20112.514%2C00%20e%20Entrada%20de%20R%24%2055.200%2C00.%20Ainda%20est%C3%A1%20dispon%C3%ADvel%3F
9074;Veículo;R$ 111.686,29;R$ 54.730,00;96;R$ 1.322,61;HS;-;R$ 1.595,52;R$ 111,73;R$ 9.777,19;Reservada;https://wa.me/5517996482578?text=Ol%C3%A1%20Martins%21%20Vi%20no%20site%20a%20carta%20de%20Ve%C3%ADculo%20%28ID%3A%209074%29%20com%20Cr%C3%A9dito%20de%20R%24%20111.686%2C29%20e%20Entrada%20de%20R%24%2054.730%2C00.%20Ainda%20est%C3%A1%20dispon%C3%ADvel%3F
9377;Veículo;R$ 111.055,49;R$ 54.417,00;103;R$ 1.255,00;HS;-;R$ 1.586,51;R$ 113,75;R$ 5.515,09;Reservada;https://wa.me/5517996482578?text=Ol%C3%A1%20Martins%21%20Vi%20no%20site%20a%20carta%20de%20Ve%C3%ADculo%20%28ID%3A%209377%29%20com%20Cr%C3%A9dito%20de%20R%24%20111.055%2C49%20e%20Entrada%20de%20R%24%2054.417%2C00.%20Ainda%20est%C3%A1%20dispon%C3%ADvel%3F
9282;Veículo;R$ 110.430,69;R$ 54.010,00;104;R$ 1.229,32;HS;-;R$ 1.577,58;R$ 112,51;R$ 6.857,36;Reservada;https://wa.me/5517996482578?text=Ol%C3%A1%20Martins%21%20Vi%20no%20site%20a%20carta%20de%20Ve%C3%ADculo%20%28ID%3A%209282%29%20com%20Cr%C3%A9dito%20de%20R%24%20110.430%2C69%20e%20Entrada%20de%20R%24%2054.010%2C00.%20Ainda%20est%C3%A1%20dispon%C3%ADvel%3F
9382;Veículo;R$ 110.124,01;R$ 54.004,86;102;R$ 1.252,22;HS;-;R$ 1.573,20;R$ 112,40;R$ 7.028,90;Reservada;https://wa.me/5517996482578?text=Ol%C3%A1%20Martins%21%20Vi%20no%20site%20a%20carta%20de%20Ve%C3%ADculo%20%28ID%3A%209382%29%20com%20Cr%C3%A9dito%20de%20R%24%20110.124%2C01%20e%20Entrada%20de%20R%24%2054.004%2C86.%20Ainda%20est%C3%A1%20dispon%C3%ADvel%3F
9116;Veículo;R$ 108.455,32;R$ 52.190,00;107;R$ 1.211,58;HS;-;R$ 1.549,36;R$ 114,08;R$ 5.074,65;Reservada;https://wa.me/5517996482578?text=Ol%C3%A1%20Martins%21%20Vi%20no%20site%20a%20carta%20de%20Ve%C3%ADculo%20%28ID%3A%209116%29%20com%20Cr%C3%A9dito%20de%20R%24%20108.455%2C32%20e%20Entrada%20de%20R%24%2052.190%2C00.%20Ainda%20est%C3%A1%20dispon%C3%ADvel%3F
9029;Veículo;R$ 108.261,41;R$ 52.190,00;108;R$ 1.133,65;HS;-;R$ 1.546,59;R$ 107,74;R$ 5.800,83;Reservada;https://wa.me/5517996482578?text=Ol%C3%A1%20Martins%21%20Vi%20no%20site%20a%20carta%20de%20Ve%C3%ADculo%20%28ID%3A%209029%29%20com%20Cr%C3%A9dito%20de%20R%24%20108.261%2C41%20e%20Entrada%20de%20R%24%2052.190%2C00.%20Ainda%20est%C3%A1%20dispon%C3%ADvel%3F
9430;Imóvel;R$ 107.276,26;R$ 52.735,00;114;R$ 943,53;HS;-;R$ 1.532,52;R$ 59,16;R$ 20.424,37;Disponível;https://wa.me/5517996482578?text=Ol%C3%A1%20Martins%21%20Vi%20no%20site%20a%20carta%20de%20Im%C3%B3vel%20%28ID%3A%209430%29%20com%20Cr%C3%A9dito%20de%20R%24%20107.276%2C26%20e%20Entrada%20de%20R%24%2052.735%2C00.%20Ainda%20est%C3%A1%20dispon%C3%ADvel%3F
9340;Imóvel;R$ 106.278,26;R$ 52.076,00;103;R$ 1.047,85;HS;-;R$ 1.518,26;R$ 59,36;R$ 27.895,53;Reservada;https://wa.me/5517996482578?text=Ol%C3%A1%20Martins%21%20Vi%20no%20site%20a%20carta%20de%20Im%C3%B3vel%20%28ID%3A%209340%29%20com%20Cr%C3%A9dito%20de%20R%24%20106.278%2C26%20e%20Entrada%20de%20R%24%2052.076%2C00.%20Ainda%20est%C3%A1%20dispon%C3%ADvel%3F
9303;Veículo;R$ 104.468,47;R$ 51.190,00;98;R$ 1.204,94;HS;-;R$ 1.492,41;R$ 103,91;R$ 9.718,69;Reservada;https://wa.me/5517996482578?text=Ol%C3%A1%20Martins%21%20Vi%20no%20site%20a%20carta%20de%20Ve%C3%ADculo%20%28ID%3A%209303%29%20com%20Cr%C3%A9dito%20de%20R%24%20104.468%2C47%20e%20Entrada%20de%20R%24%2051.190%2C00.%20Ainda%20est%C3%A1%20dispon%C3%ADvel%3F
9013;Imóvel;R$ 103.637,54;R$ 50.600,00;113;R$ 941,60;HS;-;R$ 1.480,54;R$ 58,52;R$ 26.165,71;Reservada;https://wa.me/5517996482578?text=Ol%C3%A1%20Martins%21%20Vi%20no%20site%20a%20carta%20de%20Im%C3%B3vel%20%28ID%3A%209013%29%20com%20Cr%C3%A9dito%20de%20R%24%20103.637%2C54%20e%20Entrada%20de%20R%24%2050.600%2C00.%20Ainda%20est%C3%A1%20dispon%C3%ADvel%3F
9044;Imóvel;R$ 101.752,08;R$ 50.190,00;123;R$ 850,36;HS;-;R$ 1.453,60;R$ 57,53;R$ 17.740,19;Reservada;https://wa.me/5517996482578?text=Ol%C3%A1%20Martins%21%20Vi%20no%20site%20a%20carta%20de%20Im%C3%B3vel%20%28ID%3A%209044%29%20com%20Cr%C3%A9dito%20de%20R%24%20101.752%2C08%20e%20Entrada%20de%20R%24%2050.190%2C00.%20Ainda%20est%C3%A1%20dispon%C3%ADvel%3F
9208;Veículo;R$ 100.951,72;R$ 50.172,00;40;R$ 2.374,87;HS;-;R$ 1.442,17;R$ 83,60;R$ 21.237,44;Reservada;https://wa.me/5517996482578?text=Ol%C3%A1%20Martins%21%20Vi%20no%20site%20a%20carta%20de%20Ve%C3%ADculo%20%28ID%3A%209208%29%20com%20Cr%C3%A9dito%20de%20R%24%20100.951%2C72%20e%20Entrada%20de%20R%24%2050.172%2C00.%20Ainda%20est%C3%A1%20dispon%C3%ADvel%3F
9448;Veículo;R$ 100.755,46;R$ 49.180,00;66;R$ 1.498,17;HS;-;R$ 1.439,36;R$ 87,01;R$ 25.237,84;Disponível;https://wa.me/5517996482578?text=Ol%C3%A1%20Martins%21%20Vi%20no%20site%20a%20carta%20de%20Ve%C3%ADculo%20%28ID%3A%209448%29%20com%20Cr%C3%A9dito%20de%20R%24%20100.755%2C46%20e%20Entrada%20de%20R%24%2049.180%2C00.%20Ainda%20est%C3%A1%20dispon%C3%ADvel%3F
9058;Imóvel;R$ 100.000,00;R$ 49.000,00;175;R$ 693,09;HS;-;R$ 1.428,57;R$ 66,71;R$ 1.707,90;Reservada;https://wa.me/5517996482578?text=Ol%C3%A1%20Martins%21%20Vi%20no%20site%20a%20carta%20de%20Im%C3%B3vel%20%28ID%3A%209058%29%20com%20Cr%C3%A9dito%20de%20R%24%20100.000%2C00%20e%20Entrada%20de%20R%24%2049.000%2C00.%20Ainda%20est%C3%A1%20dispon%C3%ADvel%3F
9437;Imóvel;R$ 99.865,68;R$ 49.000,00;176;R$ 689,12;HS;-;R$ 1.426,65;R$ 66,71;R$ 1.025,00;Disponível;https://wa.me/5517996482578?text=Ol%C3%A1%20Martins%21%20Vi%20no%20site%20a%20carta%20de%20Im%C3%B3vel%20%28ID%3A%209437%29%20com%20Cr%C3%A9dito%20de%20R%24%2099.865%2C68%20e%20Entrada%20de%20R%24%2049.000%2C00.%20Ainda%20est%C3%A1%20dispon%C3%ADvel%3F
9431;Imóvel;R$ 99.857,58;R$ 49.000,00;172;R$ 697,15;HS;-;R$ 1.426,54;R$ 65,95;R$ 2.391,93;Disponível;https://wa.me/5517996482578?text=Ol%C3%A1%20Martins%21%20Vi%20no%20site%20a%20carta%20de%20Im%C3%B3vel%20%28ID%3A%209431%29%20com%20Cr%C3%A9dito%20de%20R%24%2099.857%2C58%20e%20Entrada%20de%20R%24%2049.000%2C00.%20Ainda%20est%C3%A1%20dispon%C3%ADvel%3F
9464;Veículo;R$ 99.830,77;R$ 48.707,00;110;R$ 1.063,87;HS;-;R$ 1.426,15;R$ 102,98;R$ 4.776,52;Disponível;https://wa.me/5517996482578?text=Ol%C3%A1%20Martins%21%20Vi%20no%20site%20a%20carta%20de%20Ve%C3%ADculo%20%28ID%3A%209464%29%20com%20Cr%C3%A9dito%20de%20R%24%2099.830%2C77%20e%20Entrada%20de%20R%24%2048.707%2C00.%20Ainda%20est%C3%A1%20dispon%C3%ADvel%3F
9046;Imóvel;R$ 99.768,77;R$ 48.900,00;170;R$ 695,22;HS;-;R$ 1.425,27;R$ 65,00;R$ 2.049,50;Reservada;https://wa.me/5517996482578?text=Ol%C3%A1%20Martins%21%20Vi%20no%20site%20a%20carta%20de%20Im%C3%B3vel%20%28ID%3A%209046%29%20com%20Cr%C3%A9dito%20de%20R%24%2099.768%2C77%20e%20Entrada%20de%20R%24%2048.900%2C00.%20Ainda%20est%C3%A1%20dispon%C3%ADvel%3F
9403;Imóvel;R$ 99.312,82;R$ 48.636,00;163;R$ 738,30;HS;-;R$ 1.418,75;R$ 66,19;R$ 4.804,98;Disponível;https://wa.me/5517996482578?text=Ol%C3%A1%20Martins%21%20Vi%20no%20site%20a%20carta%20de%20Im%C3%B3vel%20%28ID%3A%209403%29%20com%20Cr%C3%A9dito%20de%20R%24%2099.312%2C82%20e%20Entrada%20de%20R%24%2048.636%2C00.%20Ainda%20est%C3%A1%20dispon%C3%ADvel%3F
9440;Imóvel;R$ 99.231,29;R$ 48.396,00;132;R$ 840,03;HS;-;R$ 1.417,59;R$ 60,99;R$ 18.507,89;Disponível;https://wa.me/5517996482578?text=Ol%C3%A1%20Martins%21%20Vi%20no%20site%20a%20carta%20de%20Im%C3%B3vel%20%28ID%3A%209440%29%20com%20Cr%C3%A9dito%20de%20R%24%2099.231%2C29%20e%20Entrada%20de%20R%24%2048.396%2C00.%20Ainda%20est%C3%A1%20dispon%C3%ADvel%3F
9394;Veículo;R$ 97.139,60;R$ 47.598,00;30;R$ 3.197,98;HS;-;R$ 1.387,71;R$ 84,43;R$ 21.544,79;Reservada;https://wa.me/5517996482578?text=Ol%C3%A1%20Martins%21%20Vi%20no%20site%20a%20carta%20de%20Ve%C3%ADculo%20%28ID%3A%209394%29%20com%20Cr%C3%A9dito%20de%20R%24%2097.139%2C60%20e%20Entrada%20de%20R%24%2047.598%2C00.%20Ainda%20est%C3%A1%20dispon%C3%ADvel%3F
9149;Imóvel;R$ 96.525,70;R$ 47.680,00;79;R$ 1.201,53;HS;-;R$ 1.378,94;R$ 52,21;R$ 28.233,04;Reservada;https://wa.me/5517996482578?text=Ol%C3%A1%20Martins%21%20Vi%20no%20site%20a%20carta%20de%20Im%C3%B3vel%20%28ID%3A%209149%29%20com%20Cr%C3%A9dito%20de%20R%24%2096.525%2C70%20e%20Entrada%20de%20R%24%2047.680%2C00.%20Ainda%20est%C3%A1%20dispon%C3%ADvel%3F
9398;Veículo;R$ 96.227,81;R$ 50.704,00;49;R$ 1.567,75;HS;-;R$ 1.374,68;R$ 67,60;R$ 35.467,68;Reservada;https://wa.me/5517996482578?text=Ol%C3%A1%20Martins%21%20Vi%20no%20site%20a%20carta%20de%20Ve%C3%ADculo%20%28ID%3A%209398%29%20com%20Cr%C3%A9dito%20de%20R%24%2096.227%2C81%20e%20Entrada%20de%20R%24%2050.704%2C00.%20Ainda%20est%C3%A1%20dispon%C3%ADvel%3F
9259;Imóvel;R$ 95.617,51;R$ 46.684,00;145;R$ 778,90;HS;-;R$ 1.365,96;R$ 62,12;R$ 12.572,33;Reservada;https://wa.me/5517996482578?text=Ol%C3%A1%20Martins%21%20Vi%20no%20site%20a%20carta%20de%20Im%C3%B3vel%20%28ID%3A%209259%29%20com%20Cr%C3%A9dito%20de%20R%24%2095.617%2C51%20e%20Entrada%20de%20R%24%2046.684%2C00.%20Ainda%20est%C3%A1%20dispon%C3%ADvel%3F
9462;Veículo;R$ 95.589,47;R$ 46.840,00;48;R$ 1.509,51;HS;-;R$ 1.365,56;R$ 63,76;R$ 40.625,34;Reservada;https://wa.me/5517996482578?text=Ol%C3%A1%20Martins%21%20Vi%20no%20site%20a%20carta%20de%20Ve%C3%ADculo%20%28ID%3A%209462%29%20com%20Cr%C3%A9dito%20de%20R%24%2095.589%2C47%20e%20Entrada%20de%20R%24%2046.840%2C00.%20Ainda%20est%C3%A1%20dispon%C3%ADvel%3F
9404;Veículo;R$ 95.407,00;R$ 48.026,00;49;R$ 1.851,03;HS;-;R$ 1.362,96;R$ 79,82;R$ 27.530,99;Disponível;https://wa.me/5517996482578?text=Ol%C3%A1%20Martins%21%20Vi%20no%20site%20a%20carta%20de%20Ve%C3%ADculo%20%28ID%3A%209404%29%20com%20Cr%C3%A9dito%20de%20R%24%2095.407%2C00%20e%20Entrada%20de%20R%24%2048.026%2C00.%20Ainda%20est%C3%A1%20dispon%C3%ADvel%3F
9139;Veículo;R$ 95.183,35;R$ 46.640,00;76;R$ 1.205,16;HS;-;R$ 1.359,76;R$ 80,60;R$ 23.602,33;Reservada;https://wa.me/5517996482578?text=Ol%C3%A1%20Martins%21%20Vi%20no%20site%20a%20carta%20de%20Ve%C3%ADculo%20%28ID%3A%209139%29%20com%20Cr%C3%A9dito%20de%20R%24%2095.183%2C35%20e%20Entrada%20de%20R%24%2046.640%2C00.%20Ainda%20est%C3%A1%20dispon%C3%ADvel%3F
9239;Imóvel;R$ 93.237,08;R$ 45.690,00;151;R$ 633,79;HS;-;R$ 1.331,96;R$ 52,64;R$ 13.422,56;Reservada;https://wa.me/5517996482578?text=Ol%C3%A1%20Martins%21%20Vi%20no%20site%20a%20carta%20de%20Im%C3%B3vel%20%28ID%3A%209239%29%20com%20Cr%C3%A9dito%20de%20R%24%2093.237%2C08%20e%20Entrada%20de%20R%24%2045.690%2C00.%20Ainda%20est%C3%A1%20dispon%C3%ADvel%3F
9258;Imóvel;R$ 92.563,48;R$ 44.600,00;155;R$ 709,67;HS;-;R$ 1.322,34;R$ 60,50;R$ 8.881,73;Disponível;https://wa.me/5517996482578?text=Ol%C3%A1%20Martins%21%20Vi%20no%20site%20a%20carta%20de%20Im%C3%B3vel%20%28ID%3A%209258%29%20com%20Cr%C3%A9dito%20de%20R%24%2092.563%2C48%20e%20Entrada%20de%20R%24%2044.600%2C00.%20Ainda%20est%C3%A1%20dispon%C3%ADvel%3F
9236;Imóvel;R$ 91.104,69;R$ 44.570,00;118;R$ 837,55;HS;-;R$ 1.301,50;R$ 54,36;R$ 22.862,50;Reservada;https://wa.me/5517996482578?text=Ol%C3%A1%20Martins%21%20Vi%20no%20site%20a%20carta%20de%20Im%C3%B3vel%20%28ID%3A%209236%29%20com%20Cr%C3%A9dito%20de%20R%24%2091.104%2C69%20e%20Entrada%20de%20R%24%2044.570%2C00.%20Ainda%20est%C3%A1%20dispon%C3%ADvel%3F
9110;Veículo;R$ 88.757,26;R$ 43.280,00;102;R$ 968,16;HS;-;R$ 1.267,96;R$ 86,90;R$ 9.396,28;Reservada;https://wa.me/5517996482578?text=Ol%C3%A1%20Martins%21%20Vi%20no%20site%20a%20carta%20de%20Ve%C3%ADculo%20%28ID%3A%209110%29%20com%20Cr%C3%A9dito%20de%20R%24%2088.757%2C26%20e%20Entrada%20de%20R%24%2043.280%2C00.%20Ainda%20est%C3%A1%20dispon%C3%ADvel%3F
9315;Imóvel;R$ 88.477,53;R$ 43.181,00;123;R$ 757,56;HS;-;R$ 1.263,96;R$ 51,25;R$ 20.635,36;Reservada;https://wa.me/5517996482578?text=Ol%C3%A1%20Martins%21%20Vi%20no%20site%20a%20carta%20de%20Im%C3%B3vel%20%28ID%3A%209315%29%20com%20Cr%C3%A9dito%20de%20R%24%2088.477%2C53%20e%20Entrada%20de%20R%24%2043.181%2C00.%20Ainda%20est%C3%A1%20dispon%C3%ADvel%3F
9011;Imóvel;R$ 88.437,10;R$ 43.150,00;126;R$ 750,71;HS;-;R$ 1.263,39;R$ 52,02;R$ 19.510,04;Reservada;https://wa.me/5517996482578?text=Ol%C3%A1%20Martins%21%20Vi%20no%20site%20a%20carta%20de%20Im%C3%B3vel%20%28ID%3A%209011%29%20com%20Cr%C3%A9dito%20de%20R%24%2088.437%2C10%20e%20Entrada%20de%20R%24%2043.150%2C00.%20Ainda%20est%C3%A1%20dispon%C3%ADvel%3F
9165;Imóvel;R$ 88.038,25;R$ 42.730,00;167;R$ 662,73;HS;-;R$ 1.257,69;R$ 60,87;R$ 4.120,80;Reservada;https://wa.me/5517996482578?text=Ol%C3%A1%20Martins%21%20Vi%20no%20site%20a%20carta%20de%20Im%C3%B3vel%20%28ID%3A%209165%29%20com%20Cr%C3%A9dito%20de%20R%24%2088.038%2C25%20e%20Entrada%20de%20R%24%2042.730%2C00.%20Ainda%20est%C3%A1%20dispon%C3%ADvel%3F
9196;Imóvel;R$ 87.826,42;R$ 42.460,00;129;R$ 742,41;HS;-;R$ 1.254,66;R$ 52,67;R$ 16.645,87;Reservada;https://wa.me/5517996482578?text=Ol%C3%A1%20Martins%21%20Vi%20no%20site%20a%20carta%20de%20Im%C3%B3vel%20%28ID%3A%209196%29%20com%20Cr%C3%A9dito%20de%20R%24%2087.826%2C42%20e%20Entrada%20de%20R%24%2042.460%2C00.%20Ainda%20est%C3%A1%20dispon%C3%ADvel%3F
9286;Imóvel;R$ 86.100,08;R$ 41.522,00;167;R$ 644,27;HS;-;R$ 1.230,00;R$ 59,18;R$ 4.099,10;Disponível;https://wa.me/5517996482578?text=Ol%C3%A1%20Martins%21%20Vi%20no%20site%20a%20carta%20de%20Im%C3%B3vel%20%28ID%3A%209286%29%20com%20Cr%C3%A9dito%20de%20R%24%2086.100%2C08%20e%20Entrada%20de%20R%24%2041.522%2C00.%20Ainda%20est%C3%A1%20dispon%C3%ADvel%3F
9152;Veículo;R$ 86.089,25;R$ 42.070,00;55;R$ 1.652,01;HS;-;R$ 1.229,85;R$ 79,96;R$ 25.373,78;Reservada;https://wa.me/5517996482578?text=Ol%C3%A1%20Martins%21%20Vi%20no%20site%20a%20carta%20de%20Ve%C3%ADculo%20%28ID%3A%209152%29%20com%20Cr%C3%A9dito%20de%20R%24%2086.089%2C25%20e%20Entrada%20de%20R%24%2042.070%2C00.%20Ainda%20est%C3%A1%20dispon%C3%ADvel%3F
9214;Veículo;R$ 85.242,54;R$ 41.770,00;108;R$ 918,16;HS;-;R$ 1.217,75;R$ 87,26;R$ 4.080,28;Reservada;https://wa.me/5517996482578?text=Ol%C3%A1%20Martins%21%20Vi%20no%20site%20a%20carta%20de%20Ve%C3%ADculo%20%28ID%3A%209214%29%20com%20Cr%C3%A9dito%20de%20R%24%2085.242%2C54%20e%20Entrada%20de%20R%24%2041.770%2C00.%20Ainda%20est%C3%A1%20dispon%C3%ADvel%3F
9170;Imóvel;R$ 85.166,93;R$ 41.730,00;145;R$ 623,45;HS;-;R$ 1.216,67;R$ 49,72;R$ 12.231,38;Reservada;https://wa.me/5517996482578?text=Ol%C3%A1%20Martins%21%20Vi%20no%20site%20a%20carta%20de%20Im%C3%B3vel%20%28ID%3A%209170%29%20com%20Cr%C3%A9dito%20de%20R%24%2085.166%2C93%20e%20Entrada%20de%20R%24%2041.730%2C00.%20Ainda%20est%C3%A1%20dispon%C3%ADvel%3F
9233;Imóvel;R$ 85.157,58;R$ 41.550,00;138;R$ 733,58;HS;-;R$ 1.216,54;R$ 55,68;R$ 9.628,36;Reservada;https://wa.me/5517996482578?text=Ol%C3%A1%20Martins%21%20Vi%20no%20site%20a%20carta%20de%20Im%C3%B3vel%20%28ID%3A%209233%29%20com%20Cr%C3%A9dito%20de%20R%24%2085.157%2C58%20e%20Entrada%20de%20R%24%2041.550%2C00.%20Ainda%20est%C3%A1%20dispon%C3%ADvel%3F
9301;Imóvel;R$ 85.022,61;R$ 41.662,00;104;R$ 765,83;HS;-;R$ 1.214,61;R$ 43,81;R$ 28.402,18;Reservada;https://wa.me/5517996482578?text=Ol%C3%A1%20Martins%21%20Vi%20no%20site%20a%20carta%20de%20Im%C3%B3vel%20%28ID%3A%209301%29%20com%20Cr%C3%A9dito%20de%20R%24%2085.022%2C61%20e%20Entrada%20de%20R%24%2041.662%2C00.%20Ainda%20est%C3%A1%20dispon%C3%ADvel%3F
9178;Imóvel;R$ 84.736,56;R$ 41.520,00;176;R$ 635,97;HS;-;R$ 1.210,52;R$ 61,56;R$ 410,04;Reservada;https://wa.me/5517996482578?text=Ol%C3%A1%20Martins%21%20Vi%20no%20site%20a%20carta%20de%20Im%C3%B3vel%20%28ID%3A%209178%29%20com%20Cr%C3%A9dito%20de%20R%24%2084.736%2C56%20e%20Entrada%20de%20R%24%2041.520%2C00.%20Ainda%20est%C3%A1%20dispon%C3%ADvel%3F
9105;Imóvel;R$ 84.151,09;R$ 41.240,00;130;R$ 732,66;HS;-;R$ 1.202,16;R$ 52,39;R$ 14.138,42;Reservada;https://wa.me/5517996482578?text=Ol%C3%A1%20Martins%21%20Vi%20no%20site%20a%20carta%20de%20Im%C3%B3vel%20%28ID%3A%209105%29%20com%20Cr%C3%A9dito%20de%20R%24%2084.151%2C09%20e%20Entrada%20de%20R%24%2041.240%2C00.%20Ainda%20est%C3%A1%20dispon%C3%ADvel%3F
9371;Imóvel;R$ 83.887,16;R$ 40.526,00;151;R$ 651,57;HS;-;R$ 1.198,39;R$ 54,11;R$ 9.699,68;Disponível;https://wa.me/5517996482578?text=Ol%C3%A1%20Martins%21%20Vi%20no%20site%20a%20carta%20de%20Im%C3%B3vel%20%28ID%3A%209371%29%20com%20Cr%C3%A9dito%20de%20R%24%2083.887%2C16%20e%20Entrada%20de%20R%24%2040.526%2C00.%20Ainda%20est%C3%A1%20dispon%C3%ADvel%3F
9408;Veículo;R$ 83.883,54;R$ 41.102,00;67;R$ 1.325,71;HS;-;R$ 1.198,34;R$ 78,16;R$ 12.985,33;Reservada;https://wa.me/5517996482578?text=Ol%C3%A1%20Martins%21%20Vi%20no%20site%20a%20carta%20de%20Ve%C3%ADculo%20%28ID%3A%209408%29%20com%20Cr%C3%A9dito%20de%20R%24%2083.883%2C54%20e%20Entrada%20de%20R%24%2041.102%2C00.%20Ainda%20est%C3%A1%20dispon%C3%ADvel%3F
9416;Imóvel;R$ 83.763,58;R$ 40.770,00;106;R$ 990,09;HS;-;R$ 1.196,62;R$ 57,72;R$ 10.170,61;Reservada;https://wa.me/5517996482578?text=Ol%C3%A1%20Martins%21%20Vi%20no%20site%20a%20carta%20de%20Im%C3%B3vel%20%28ID%3A%209416%29%20com%20Cr%C3%A9dito%20de%20R%24%2083.763%2C58%20e%20Entrada%20de%20R%24%2040.770%2C00.%20Ainda%20est%C3%A1%20dispon%C3%ADvel%3F
9360;Imóvel;R$ 83.643,84;R$ 40.408,88;136;R$ 701,24;HS;-;R$ 1.194,91;R$ 52,45;R$ 12.859,68;Disponível;https://wa.me/5517996482578?text=Ol%C3%A1%20Martins%21%20Vi%20no%20site%20a%20carta%20de%20Im%C3%B3vel%20%28ID%3A%209360%29%20com%20Cr%C3%A9dito%20de%20R%24%2083.643%2C84%20e%20Entrada%20de%20R%24%2040.408%2C88.%20Ainda%20est%C3%A1%20dispon%C3%ADvel%3F
9237;Imóvel;R$ 83.299,97;R$ 41.062,00;151;R$ 647,17;HS;-;R$ 1.190,00;R$ 53,75;R$ 8.934,35;Reservada;https://wa.me/5517996482578?text=Ol%C3%A1%20Martins%21%20Vi%20no%20site%20a%20carta%20de%20Im%C3%B3vel%20%28ID%3A%209237%29%20com%20Cr%C3%A9dito%20de%20R%24%2083.299%2C97%20e%20Entrada%20de%20R%24%2041.062%2C00.%20Ainda%20est%C3%A1%20dispon%C3%ADvel%3F
9008;Imóvel;R$ 83.277,82;R$ 40.210,00;134;R$ 694,30;HS;-;R$ 1.189,68;R$ 51,17;R$ 13.423,93;Reservada;https://wa.me/5517996482578?text=Ol%C3%A1%20Martins%21%20Vi%20no%20site%20a%20carta%20de%20Im%C3%B3vel%20%28ID%3A%209008%29%20com%20Cr%C3%A9dito%20de%20R%24%2083.277%2C82%20e%20Entrada%20de%20R%24%2040.210%2C00.%20Ainda%20est%C3%A1%20dispon%C3%ADvel%3F
9296;Imóvel;R$ 83.106,20;R$ 40.527,00;152;R$ 649,84;HS;-;R$ 1.187,23;R$ 54,33;R$ 9.285,16;Reservada;https://wa.me/5517996482578?text=Ol%C3%A1%20Martins%21%20Vi%20no%20site%20a%20carta%20de%20Im%C3%B3vel%20%28ID%3A%209296%29%20com%20Cr%C3%A9dito%20de%20R%24%2083.106%2C20%20e%20Entrada%20de%20R%24%2040.527%2C00.%20Ainda%20est%C3%A1%20dispon%C3%ADvel%3F
9218;Imóvel;R$ 83.072,74;R$ 40.520,00;140;R$ 708,73;HS;-;R$ 1.186,75;R$ 54,57;R$ 9.568,25;Reservada;https://wa.me/5517996482578?text=Ol%C3%A1%20Martins%21%20Vi%20no%20site%20a%20carta%20de%20Im%C3%B3vel%20%28ID%3A%209218%29%20com%20Cr%C3%A9dito%20de%20R%24%2083.072%2C74%20e%20Entrada%20de%20R%24%2040.520%2C00.%20Ainda%20est%C3%A1%20dispon%C3%ADvel%3F
9017;Imóvel;R$ 82.863,79;R$ 40.000,00;137;R$ 708,84;HS;-;R$ 1.183,77;R$ 53,41;R$ 9.812,42;Reservada;https://wa.me/5517996482578?text=Ol%C3%A1%20Martins%21%20Vi%20no%20site%20a%20carta%20de%20Im%C3%B3vel%20%28ID%3A%209017%29%20com%20Cr%C3%A9dito%20de%20R%24%2082.863%2C79%20e%20Entrada%20de%20R%24%2040.000%2C00.%20Ainda%20est%C3%A1%20dispon%C3%ADvel%3F
9224;Imóvel;R$ 82.754,87;R$ 40.365,00;138;R$ 687,38;HS;-;R$ 1.182,21;R$ 52,17;R$ 13.093,92;Reservada;https://wa.me/5517996482578?text=Ol%C3%A1%20Martins%21%20Vi%20no%20site%20a%20carta%20de%20Im%C3%B3vel%20%28ID%3A%209224%29%20com%20Cr%C3%A9dito%20de%20R%24%2082.754%2C87%20e%20Entrada%20de%20R%24%2040.365%2C00.%20Ainda%20est%C3%A1%20dispon%C3%ADvel%3F
9420;Imóvel;R$ 82.707,00;R$ 40.526,00;150;R$ 653,32;HS;-;R$ 1.181,53;R$ 53,90;R$ 10.062,81;Reservada;https://wa.me/5517996482578?text=Ol%C3%A1%20Martins%21%20Vi%20no%20site%20a%20carta%20de%20Im%C3%B3vel%20%28ID%3A%209420%29%20com%20Cr%C3%A9dito%20de%20R%24%2082.707%2C00%20e%20Entrada%20de%20R%24%2040.526%2C00.%20Ainda%20est%C3%A1%20dispon%C3%ADvel%3F
9150;Veículo;R$ 82.449,95;R$ 40.400,00;78;R$ 957,99;HS;-;R$ 1.177,86;R$ 65,76;R$ 21.062,55;Reservada;https://wa.me/5517996482578?text=Ol%C3%A1%20Martins%21%20Vi%20no%20site%20a%20carta%20de%20Ve%C3%ADculo%20%28ID%3A%209150%29%20com%20Cr%C3%A9dito%20de%20R%24%2082.449%2C95%20e%20Entrada%20de%20R%24%2040.400%2C00.%20Ainda%20est%C3%A1%20dispon%C3%ADvel%3F
9468;Imóvel;R$ 82.404,75;R$ 40.215,00;143;R$ 660,46;HS;-;R$ 1.177,21;R$ 51,95;R$ 12.648,51;Disponível;https://wa.me/5517996482578?text=Ol%C3%A1%20Martins%21%20Vi%20no%20site%20a%20carta%20de%20Im%C3%B3vel%20%28ID%3A%209468%29%20com%20Cr%C3%A9dito%20de%20R%24%2082.404%2C75%20e%20Entrada%20de%20R%24%2040.215%2C00.%20Ainda%20est%C3%A1%20dispon%C3%ADvel%3F
9385;Imóvel;R$ 82.315,18;R$ 40.519,00;132;R$ 740,97;HS;-;R$ 1.175,93;R$ 53,79;R$ 8.957,28;Disponível;https://wa.me/5517996482578?text=Ol%C3%A1%20Martins%21%20Vi%20no%20site%20a%20carta%20de%20Im%C3%B3vel%20%28ID%3A%209385%29%20com%20Cr%C3%A9dito%20de%20R%24%2082.315%2C18%20e%20Entrada%20de%20R%24%2040.519%2C00.%20Ainda%20est%C3%A1%20dispon%C3%ADvel%3F
9332;Imóvel;R$ 82.195,78;R$ 39.710,00;142;R$ 701,92;HS;-;R$ 1.174,23;R$ 54,82;R$ 12.589,71;Disponível;https://wa.me/5517996482578?text=Ol%C3%A1%20Martins%21%20Vi%20no%20site%20a%20carta%20de%20Im%C3%B3vel%20%28ID%3A%209332%29%20com%20Cr%C3%A9dito%20de%20R%24%2082.195%2C78%20e%20Entrada%20de%20R%24%2039.710%2C00.%20Ainda%20est%C3%A1%20dispon%C3%ADvel%3F
9160;Imóvel;R$ 81.877,62;R$ 40.120,00;114;R$ 658,88;HS;-;R$ 1.169,68;R$ 41,31;R$ 23.017,25;Reservada;https://wa.me/5517996482578?text=Ol%C3%A1%20Martins%21%20Vi%20no%20site%20a%20carta%20de%20Im%C3%B3vel%20%28ID%3A%209160%29%20com%20Cr%C3%A9dito%20de%20R%24%2081.877%2C62%20e%20Entrada%20de%20R%24%2040.120%2C00.%20Ainda%20est%C3%A1%20dispon%C3%ADvel%3F
8066;Veículo;R$ 81.700,11;R$ 39.500,00;75;R$ 1.163,22;HS;-;R$ 1.167,14;R$ 76,77;R$ 11.107,27;Reservada;https://wa.me/5517996482578?text=Ol%C3%A1%20Martins%21%20Vi%20no%20site%20a%20carta%20de%20Ve%C3%ADculo%20%28ID%3A%208066%29%20com%20Cr%C3%A9dito%20de%20R%24%2081.700%2C11%20e%20Entrada%20de%20R%24%2039.500%2C00.%20Ainda%20est%C3%A1%20dispon%C3%ADvel%3F
9155;Imóvel;R$ 81.401,92;R$ 39.770,00;137;R$ 685,09;HS;-;R$ 1.162,88;R$ 51,62;R$ 12.789,99;Reservada;https://wa.me/5517996482578?text=Ol%C3%A1%20Martins%21%20Vi%20no%20site%20a%20carta%20de%20Im%C3%B3vel%20%28ID%3A%209155%29%20com%20Cr%C3%A9dito%20de%20R%24%2081.401%2C92%20e%20Entrada%20de%20R%24%2039.770%2C00.%20Ainda%20est%C3%A1%20dispon%C3%ADvel%3F
8094;Imóvel;R$ 81.140,24;R$ 39.210,00;115;R$ 638,91;HS;-;R$ 1.159,15;R$ 40,41;R$ 25.130,37;Reservada;https://wa.me/5517996482578?text=Ol%C3%A1%20Martins%21%20Vi%20no%20site%20a%20carta%20de%20Im%C3%B3vel%20%28ID%3A%208094%29%20com%20Cr%C3%A9dito%20de%20R%24%2081.140%2C24%20e%20Entrada%20de%20R%24%2039.210%2C00.%20Ainda%20est%C3%A1%20dispon%C3%ADvel%3F
9459;Imóvel;R$ 80.751,21;R$ 39.382,00;150;R$ 638,05;HS;-;R$ 1.153,59;R$ 52,64;R$ 10.070,86;Disponível;https://wa.me/5517996482578?text=Ol%C3%A1%20Martins%21%20Vi%20no%20site%20a%20carta%20de%20Im%C3%B3vel%20%28ID%3A%209459%29%20com%20Cr%C3%A9dito%20de%20R%24%2080.751%2C21%20e%20Entrada%20de%20R%24%2039.382%2C00.%20Ainda%20est%C3%A1%20dispon%C3%ADvel%3F
9329;Imóvel;R$ 80.665,41;R$ 38.970,00;145;R$ 639,63;HS;-;R$ 1.152,36;R$ 51,01;R$ 11.886,48;Disponível;https://wa.me/5517996482578?text=Ol%C3%A1%20Martins%21%20Vi%20no%20site%20a%20carta%20de%20Im%C3%B3vel%20%28ID%3A%209329%29%20com%20Cr%C3%A9dito%20de%20R%24%2080.665%2C41%20e%20Entrada%20de%20R%24%2038.970%2C00.%20Ainda%20est%C3%A1%20dispon%C3%ADvel%3F
9346;Veículo;R$ 80.414,20;R$ 39.402,00;71;R$ 1.125,69;HS;-;R$ 1.148,77;R$ 70,33;R$ 17.772,64;Reservada;https://wa.me/5517996482578?text=Ol%C3%A1%20Martins%21%20Vi%20no%20site%20a%20carta%20de%20Ve%C3%ADculo%20%28ID%3A%209346%29%20com%20Cr%C3%A9dito%20de%20R%24%2080.414%2C20%20e%20Entrada%20de%20R%24%2039.402%2C00.%20Ainda%20est%C3%A1%20dispon%C3%ADvel%3F
9363;Veículo;R$ 80.414,20;R$ 39.402,00;71;R$ 1.078,62;HS;-;R$ 1.148,77;R$ 67,39;R$ 20.683,05;Reservada;https://wa.me/5517996482578?text=Ol%C3%A1%20Martins%21%20Vi%20no%20site%20a%20carta%20de%20Ve%C3%ADculo%20%28ID%3A%209363%29%20com%20Cr%C3%A9dito%20de%20R%24%2080.414%2C20%20e%20Entrada%20de%20R%24%2039.402%2C00.%20Ainda%20est%C3%A1%20dispon%C3%ADvel%3F
9366;Veículo;R$ 80.366,81;R$ 39.379,00;80;R$ 1.121,82;HS;-;R$ 1.148,10;R$ 78,98;R$ 8.375,74;Reservada;https://wa.me/5517996482578?text=Ol%C3%A1%20Martins%21%20Vi%20no%20site%20a%20carta%20de%20Ve%C3%ADculo%20%28ID%3A%209366%29%20com%20Cr%C3%A9dito%20de%20R%24%2080.366%2C81%20e%20Entrada%20de%20R%24%2039.379%2C00.%20Ainda%20est%C3%A1%20dispon%C3%ADvel%3F
9445;Veículo;R$ 80.151,87;R$ 39.274,00;75;R$ 1.006,32;HS;-;R$ 1.145,03;R$ 66,42;R$ 21.315,15;Reservada;https://wa.me/5517996482578?text=Ol%C3%A1%20Martins%21%20Vi%20no%20site%20a%20carta%20de%20Ve%C3%ADculo%20%28ID%3A%209445%29%20com%20Cr%C3%A9dito%20de%20R%24%2080.151%2C87%20e%20Entrada%20de%20R%24%2039.274%2C00.%20Ainda%20est%C3%A1%20dispon%C3%ADvel%3F
9401;Imóvel;R$ 80.130,05;R$ 39.304,00;152;R$ 661,60;HS;-;R$ 1.144,72;R$ 55,31;R$ 7.119,33;Disponível;https://wa.me/5517996482578?text=Ol%C3%A1%20Martins%21%20Vi%20no%20site%20a%20carta%20de%20Im%C3%B3vel%20%28ID%3A%209401%29%20com%20Cr%C3%A9dito%20de%20R%24%2080.130%2C05%20e%20Entrada%20de%20R%24%2039.304%2C00.%20Ainda%20est%C3%A1%20dispon%C3%ADvel%3F
9414;Veículo;R$ 80.116,75;R$ 39.260,00;71;R$ 1.100,13;HS;-;R$ 1.144,53;R$ 68,74;R$ 16.615,99;Reservada;https://wa.me/5517996482578?text=Ol%C3%A1%20Martins%21%20Vi%20no%20site%20a%20carta%20de%20Ve%C3%ADculo%20%28ID%3A%209414%29%20com%20Cr%C3%A9dito%20de%20R%24%2080.116%2C75%20e%20Entrada%20de%20R%24%2039.260%2C00.%20Ainda%20est%C3%A1%20dispon%C3%ADvel%3F
9463;Imóvel;R$ 80.062,24;R$ 39.050,00;147;R$ 660,96;HS;-;R$ 1.143,75;R$ 53,44;R$ 8.069,30;Disponível;https://wa.me/5517996482578?text=Ol%C3%A1%20Martins%21%20Vi%20no%20site%20a%20carta%20de%20Im%C3%B3vel%20%28ID%3A%209463%29%20com%20Cr%C3%A9dito%20de%20R%24%2080.062%2C24%20e%20Entrada%20de%20R%24%2039.050%2C00.%20Ainda%20est%C3%A1%20dispon%C3%ADvel%3F
9293;Imóvel;R$ 79.958,97;R$ 38.600,00;141;R$ 681,41;HS;-;R$ 1.142,27;R$ 52,84;R$ 12.932,46;Disponível;https://wa.me/5517996482578?text=Ol%C3%A1%20Martins%21%20Vi%20no%20site%20a%20carta%20de%20Im%C3%B3vel%20%28ID%3A%209293%29%20com%20Cr%C3%A9dito%20de%20R%24%2079.958%2C97%20e%20Entrada%20de%20R%24%2038.600%2C00.%20Ainda%20est%C3%A1%20dispon%C3%ADvel%3F
9024;Imóvel;R$ 79.902,07;R$ 38.470,00;143;R$ 632,15;HS;-;R$ 1.141,46;R$ 49,72;R$ 11.038,36;Reservada;https://wa.me/5517996482578?text=Ol%C3%A1%20Martins%21%20Vi%20no%20site%20a%20carta%20de%20Im%C3%B3vel%20%28ID%3A%209024%29%20com%20Cr%C3%A9dito%20de%20R%24%2079.902%2C07%20e%20Entrada%20de%20R%24%2038.470%2C00.%20Ainda%20est%C3%A1%20dispon%C3%ADvel%3F
7069;Imóvel;R$ 79.883,16;R$ 38.300,00;158;R$ 609,34;HS;-;R$ 1.141,19;R$ 52,95;R$ 4.619,51;Reservada;https://wa.me/5517996482578?text=Ol%C3%A1%20Martins%21%20Vi%20no%20site%20a%20carta%20de%20Im%C3%B3vel%20%28ID%3A%207069%29%20com%20Cr%C3%A9dito%20de%20R%24%2079.883%2C16%20e%20Entrada%20de%20R%24%2038.300%2C00.%20Ainda%20est%C3%A1%20dispon%C3%ADvel%3F
9167;Imóvel;R$ 79.638,87;R$ 38.250,00;155;R$ 602,42;HS;-;R$ 1.137,70;R$ 51,36;R$ 6.667,67;Disponível;https://wa.me/5517996482578?text=Ol%C3%A1%20Martins%21%20Vi%20no%20site%20a%20carta%20de%20Im%C3%B3vel%20%28ID%3A%209167%29%20com%20Cr%C3%A9dito%20de%20R%24%2079.638%2C87%20e%20Entrada%20de%20R%24%2038.250%2C00.%20Ainda%20est%C3%A1%20dispon%C3%ADvel%3F
9042;Imóvel;R$ 79.388,66;R$ 38.240,00;136;R$ 669,70;HS;-;R$ 1.134,12;R$ 50,09;R$ 12.139,38;Disponível;https://wa.me/5517996482578?text=Ol%C3%A1%20Martins%21%20Vi%20no%20site%20a%20carta%20de%20Im%C3%B3vel%20%28ID%3A%209042%29%20com%20Cr%C3%A9dito%20de%20R%24%2079.388%2C66%20e%20Entrada%20de%20R%24%2038.240%2C00.%20Ainda%20est%C3%A1%20dispon%C3%ADvel%3F
9025;Imóvel;R$ 79.371,12;R$ 38.250,00;161;R$ 600,26;HS;-;R$ 1.133,87;R$ 53,15;R$ 5.239,04;Reservada;https://wa.me/5517996482578?text=Ol%C3%A1%20Martins%21%20Vi%20no%20site%20a%20carta%20de%20Im%C3%B3vel%20%28ID%3A%209025%29%20com%20Cr%C3%A9dito%20de%20R%24%2079.371%2C12%20e%20Entrada%20de%20R%24%2038.250%2C00.%20Ainda%20est%C3%A1%20dispon%C3%ADvel%3F
9010;Imóvel;R$ 79.278,80;R$ 38.310,00;141;R$ 719,57;HS;-;R$ 1.132,55;R$ 55,80;R$ 5.520,49;Reservada;https://wa.me/5517996482578?text=Ol%C3%A1%20Martins%21%20Vi%20no%20site%20a%20carta%20de%20Im%C3%B3vel%20%28ID%3A%209010%29%20com%20Cr%C3%A9dito%20de%20R%24%2079.278%2C80%20e%20Entrada%20de%20R%24%2038.310%2C00.%20Ainda%20est%C3%A1%20dispon%C3%ADvel%3F
9018;Imóvel;R$ 79.259,48;R$ 37.900,00;158;R$ 599,08;HS;-;R$ 1.132,28;R$ 52,06;R$ 2.732,70;Disponível;https://wa.me/5517996482578?text=Ol%C3%A1%20Martins%21%20Vi%20no%20site%20a%20carta%20de%20Im%C3%B3vel%20%28ID%3A%209018%29%20com%20Cr%C3%A9dito%20de%20R%24%2079.259%2C48%20e%20Entrada%20de%20R%24%2037.900%2C00.%20Ainda%20est%C3%A1%20dispon%C3%ADvel%3F
9057;Imóvel;R$ 79.246,36;R$ 38.290,00;157;R$ 606,14;HS;-;R$ 1.132,09;R$ 52,34;R$ 7.405,43;Reservada;https://wa.me/5517996482578?text=Ol%C3%A1%20Martins%21%20Vi%20no%20site%20a%20carta%20de%20Im%C3%B3vel%20%28ID%3A%209057%29%20com%20Cr%C3%A9dito%20de%20R%24%2079.246%2C36%20e%20Entrada%20de%20R%24%2038.290%2C00.%20Ainda%20est%C3%A1%20dispon%C3%ADvel%3F
9185;Imóvel;R$ 79.203,25;R$ 38.290,00;155;R$ 618,70;HS;-;R$ 1.131,48;R$ 52,74;R$ 6.733,66;Reservada;https://wa.me/5517996482578?text=Ol%C3%A1%20Martins%21%20Vi%20no%20site%20a%20carta%20de%20Im%C3%B3vel%20%28ID%3A%209185%29%20com%20Cr%C3%A9dito%20de%20R%24%2079.203%2C25%20e%20Entrada%20de%20R%24%2038.290%2C00.%20Ainda%20est%C3%A1%20dispon%C3%ADvel%3F
9262;Imóvel;R$ 79.166,59;R$ 38.184,00;153;R$ 647,99;HS;-;R$ 1.130,95;R$ 54,53;R$ 8.128,82;Disponível;https://wa.me/5517996482578?text=Ol%C3%A1%20Martins%21%20Vi%20no%20site%20a%20carta%20de%20Im%C3%B3vel%20%28ID%3A%209262%29%20com%20Cr%C3%A9dito%20de%20R%24%2079.166%2C59%20e%20Entrada%20de%20R%24%2038.184%2C00.%20Ainda%20est%C3%A1%20dispon%C3%ADvel%3F
9337;Imóvel;R$ 79.165,40;R$ 38.245,00;155;R$ 622,70;HS;-;R$ 1.130,93;R$ 53,09;R$ 6.085,75;Disponível;https://wa.me/5517996482578?text=Ol%C3%A1%20Martins%21%20Vi%20no%20site%20a%20carta%20de%20Im%C3%B3vel%20%28ID%3A%209337%29%20com%20Cr%C3%A9dito%20de%20R%24%2079.165%2C40%20e%20Entrada%20de%20R%24%2038.245%2C00.%20Ainda%20est%C3%A1%20dispon%C3%ADvel%3F
9373;Imóvel;R$ 79.165,40;R$ 38.245,00;155;R$ 608,50;HS;-;R$ 1.130,93;R$ 51,87;R$ 8.135,37;Disponível;https://wa.me/5517996482578?text=Ol%C3%A1%20Martins%21%20Vi%20no%20site%20a%20carta%20de%20Im%C3%B3vel%20%28ID%3A%209373%29%20com%20Cr%C3%A9dito%20de%20R%24%2079.165%2C40%20e%20Entrada%20de%20R%24%2038.245%2C00.%20Ainda%20est%C3%A1%20dispon%C3%ADvel%3F
9077;Imóvel;R$ 79.151,89;R$ 38.250,00;161;R$ 610,90;HS;-;R$ 1.130,74;R$ 54,10;R$ 4.225,77;Reservada;https://wa.me/5517996482578?text=Ol%C3%A1%20Martins%21%20Vi%20no%20site%20a%20carta%20de%20Im%C3%B3vel%20%28ID%3A%209077%29%20com%20Cr%C3%A9dito%20de%20R%24%2079.151%2C89%20e%20Entrada%20de%20R%24%2038.250%2C00.%20Ainda%20est%C3%A1%20dispon%C3%ADvel%3F
9009;Imóvel;R$ 79.132,30;R$ 37.950,00;148;R$ 639,29;HS;-;R$ 1.130,46;R$ 52,04;R$ 8.102,82;Disponível;https://wa.me/5517996482578?text=Ol%C3%A1%20Martins%21%20Vi%20no%20site%20a%20carta%20de%20Im%C3%B3vel%20%28ID%3A%209009%29%20com%20Cr%C3%A9dito%20de%20R%24%2079.132%2C30%20e%20Entrada%20de%20R%24%2037.950%2C00.%20Ainda%20est%C3%A1%20dispon%C3%ADvel%3F
9475;Veículo;R$ 78.942,00;R$ 40.044,00;25;R$ 3.055,86;HS;-;R$ 1.127,74;R$ 67,23;R$ 19.124,58;Disponível;https://wa.me/5517996482578?text=Ol%C3%A1%20Martins%21%20Vi%20no%20site%20a%20carta%20de%20Ve%C3%ADculo%20%28ID%3A%209475%29%20com%20Cr%C3%A9dito%20de%20R%24%2078.942%2C00%20e%20Entrada%20de%20R%24%2040.044%2C00.%20Ainda%20est%C3%A1%20dispon%C3%ADvel%3F
9164;Imóvel;R$ 78.689,12;R$ 38.045,00;113;R$ 717,62;HS;-;R$ 1.124,13;R$ 44,60;R$ 18.332,81;Reservada;https://wa.me/5517996482578?text=Ol%C3%A1%20Martins%21%20Vi%20no%20site%20a%20carta%20de%20Im%C3%B3vel%20%28ID%3A%209164%29%20com%20Cr%C3%A9dito%20de%20R%24%2078.689%2C12%20e%20Entrada%20de%20R%24%2038.045%2C00.%20Ainda%20est%C3%A1%20dispon%C3%ADvel%3F
9309;Imóvel;R$ 78.526,46;R$ 37.872,00;158;R$ 596,56;HS;-;R$ 1.121,81;R$ 51,84;R$ 6.642,61;Disponível;https://wa.me/5517996482578?text=Ol%C3%A1%20Martins%21%20Vi%20no%20site%20a%20carta%20de%20Im%C3%B3vel%20%28ID%3A%209309%29%20com%20Cr%C3%A9dito%20de%20R%24%2078.526%2C46%20e%20Entrada%20de%20R%24%2037.872%2C00.%20Ainda%20est%C3%A1%20dispon%C3%ADvel%3F
9402;Imóvel;R$ 78.394,57;R$ 37.872,00;158;R$ 621,03;HS;-;R$ 1.119,92;R$ 53,97;R$ 3.589,96;Disponível;https://wa.me/5517996482578?text=Ol%C3%A1%20Martins%21%20Vi%20no%20site%20a%20carta%20de%20Im%C3%B3vel%20%28ID%3A%209402%29%20com%20Cr%C3%A9dito%20de%20R%24%2078.394%2C57%20e%20Entrada%20de%20R%24%2037.872%2C00.%20Ainda%20est%C3%A1%20dispon%C3%ADvel%3F
9339;Veículo;R$ 78.212,49;R$ 38.324,00;70;R$ 1.158,50;HS;-;R$ 1.117,32;R$ 71,36;R$ 13.873,18;Reservada;https://wa.me/5517996482578?text=Ol%C3%A1%20Martins%21%20Vi%20no%20site%20a%20carta%20de%20Ve%C3%ADculo%20%28ID%3A%209339%29%20com%20Cr%C3%A9dito%20de%20R%24%2078.212%2C49%20e%20Entrada%20de%20R%24%2038.324%2C00.%20Ainda%20est%C3%A1%20dispon%C3%ADvel%3F
9305;Veículo;R$ 77.674,24;R$ 38.060,00;84;R$ 933,31;HS;-;R$ 1.109,63;R$ 68,99;R$ 16.045,64;Reservada;https://wa.me/5517996482578?text=Ol%C3%A1%20Martins%21%20Vi%20no%20site%20a%20carta%20de%20Ve%C3%ADculo%20%28ID%3A%209305%29%20com%20Cr%C3%A9dito%20de%20R%24%2077.674%2C24%20e%20Entrada%20de%20R%24%2038.060%2C00.%20Ainda%20est%C3%A1%20dispon%C3%ADvel%3F
9432;Imóvel;R$ 77.654,97;R$ 37.872,00;157;R$ 634,23;HS;-;R$ 1.109,36;R$ 54,77;R$ 2.180,71;Disponível;https://wa.me/5517996482578?text=Ol%C3%A1%20Martins%21%20Vi%20no%20site%20a%20carta%20de%20Im%C3%B3vel%20%28ID%3A%209432%29%20com%20Cr%C3%A9dito%20de%20R%24%2077.654%2C97%20e%20Entrada%20de%20R%24%2037.872%2C00.%20Ainda%20est%C3%A1%20dispon%C3%ADvel%3F
9436;Imóvel;R$ 77.267,67;R$ 37.684,00;162;R$ 591,50;HS;-;R$ 1.103,82;R$ 52,70;R$ 5.203,62;Disponível;https://wa.me/5517996482578?text=Ol%C3%A1%20Martins%21%20Vi%20no%20site%20a%20carta%20de%20Im%C3%B3vel%20%28ID%3A%209436%29%20com%20Cr%C3%A9dito%20de%20R%24%2077.267%2C67%20e%20Entrada%20de%20R%24%2037.684%2C00.%20Ainda%20est%C3%A1%20dispon%C3%ADvel%3F
9443;Imóvel;R$ 77.267,67;R$ 37.684,00;162;R$ 589,28;HS;-;R$ 1.103,82;R$ 52,50;R$ 5.545,21;Disponível;https://wa.me/5517996482578?text=Ol%C3%A1%20Martins%21%20Vi%20no%20site%20a%20carta%20de%20Im%C3%B3vel%20%28ID%3A%209443%29%20com%20Cr%C3%A9dito%20de%20R%24%2077.267%2C67%20e%20Entrada%20de%20R%24%2037.684%2C00.%20Ainda%20est%C3%A1%20dispon%C3%ADvel%3F
9388;Veículo;R$ 76.377,42;R$ 37.424,00;98;R$ 829,88;HS;-;R$ 1.091,11;R$ 71,57;R$ 8.894,21;Reservada;https://wa.me/5517996482578?text=Ol%C3%A1%20Martins%21%20Vi%20no%20site%20a%20carta%20de%20Ve%C3%ADculo%20%28ID%3A%209388%29%20com%20Cr%C3%A9dito%20de%20R%24%2076.377%2C42%20e%20Entrada%20de%20R%24%2037.424%2C00.%20Ainda%20est%C3%A1%20dispon%C3%ADvel%3F
8011;Veículo;R$ 75.974,30;R$ 37.500,00;85;R$ 989,79;HS;-;R$ 1.085,35;R$ 74,04;R$ 4.360,31;Reservada;https://wa.me/5517996482578?text=Ol%C3%A1%20Martins%21%20Vi%20no%20site%20a%20carta%20de%20Ve%C3%ADculo%20%28ID%3A%208011%29%20com%20Cr%C3%A9dito%20de%20R%24%2075.974%2C30%20e%20Entrada%20de%20R%24%2037.500%2C00.%20Ainda%20est%C3%A1%20dispon%C3%ADvel%3F
9043;Veículo;R$ 75.955,60;R$ 37.750,00;77;R$ 1.033,97;HS;-;R$ 1.085,08;R$ 70,06;R$ 10.510,05;Reservada;https://wa.me/5517996482578?text=Ol%C3%A1%20Martins%21%20Vi%20no%20site%20a%20carta%20de%20Ve%C3%ADculo%20%28ID%3A%209043%29%20com%20Cr%C3%A9dito%20de%20R%24%2075.955%2C60%20e%20Entrada%20de%20R%24%2037.750%2C00.%20Ainda%20est%C3%A1%20dispon%C3%ADvel%3F
9267;Veículo;R$ 75.860,44;R$ 37.172,00;77;R$ 1.037,35;HS;-;R$ 1.083,72;R$ 70,29;R$ 12.447,64;Reservada;https://wa.me/5517996482578?text=Ol%C3%A1%20Martins%21%20Vi%20no%20site%20a%20carta%20de%20Ve%C3%ADculo%20%28ID%3A%209267%29%20com%20Cr%C3%A9dito%20de%20R%24%2075.860%2C44%20e%20Entrada%20de%20R%24%2037.172%2C00.%20Ainda%20est%C3%A1%20dispon%C3%ADvel%3F
9244;Imóvel;R$ 75.782,25;R$ 37.617,00;141;R$ 608,23;HS;-;R$ 1.082,60;R$ 47,17;R$ 11.941,70;Reservada;https://wa.me/5517996482578?text=Ol%C3%A1%20Martins%21%20Vi%20no%20site%20a%20carta%20de%20Im%C3%B3vel%20%28ID%3A%209244%29%20com%20Cr%C3%A9dito%20de%20R%24%2075.782%2C25%20e%20Entrada%20de%20R%24%2037.617%2C00.%20Ainda%20est%C3%A1%20dispon%C3%ADvel%3F
9047;Veículo;R$ 75.103,88;R$ 36.580,00;75;R$ 1.134,73;HS;-;R$ 1.072,91;R$ 74,89;R$ 6.613,20;Reservada;https://wa.me/5517996482578?text=Ol%C3%A1%20Martins%21%20Vi%20no%20site%20a%20carta%20de%20Ve%C3%ADculo%20%28ID%3A%209047%29%20com%20Cr%C3%A9dito%20de%20R%24%2075.103%2C88%20e%20Entrada%20de%20R%24%2036.580%2C00.%20Ainda%20est%C3%A1%20dispon%C3%ADvel%3F
9457;Imóvel;R$ 75.087,58;R$ 36.620,00;162;R$ 575,89;HS;-;R$ 1.072,68;R$ 51,31;R$ 5.545,26;Disponível;https://wa.me/5517996482578?text=Ol%C3%A1%20Martins%21%20Vi%20no%20site%20a%20carta%20de%20Im%C3%B3vel%20%28ID%3A%209457%29%20com%20Cr%C3%A9dito%20de%20R%24%2075.087%2C58%20e%20Entrada%20de%20R%24%2036.620%2C00.%20Ainda%20est%C3%A1%20dispon%C3%ADvel%3F
9311;Veículo;R$ 74.970,03;R$ 36.574,00;76;R$ 1.183,38;HS;-;R$ 1.071,00;R$ 79,14;R$ 1.524,15;Reservada;https://wa.me/5517996482578?text=Ol%C3%A1%20Martins%21%20Vi%20no%20site%20a%20carta%20de%20Ve%C3%ADculo%20%28ID%3A%209311%29%20com%20Cr%C3%A9dito%20de%20R%24%2074.970%2C03%20e%20Entrada%20de%20R%24%2036.574%2C00.%20Ainda%20est%C3%A1%20dispon%C3%ADvel%3F
9317;Imóvel;R$ 74.764,30;R$ 37.072,00;111;R$ 866,26;HS;-;R$ 1.068,06;R$ 52,89;R$ 1.463,16;Disponível;https://wa.me/5517996482578?text=Ol%C3%A1%20Martins%21%20Vi%20no%20site%20a%20carta%20de%20Im%C3%B3vel%20%28ID%3A%209317%29%20com%20Cr%C3%A9dito%20de%20R%24%2074.764%2C30%20e%20Entrada%20de%20R%24%2037.072%2C00.%20Ainda%20est%C3%A1%20dispon%C3%ADvel%3F
9285;Imóvel;R$ 74.665,72;R$ 36.590,00;155;R$ 591,86;HS;-;R$ 1.066,65;R$ 50,46;R$ 7.806,40;Reservada;https://wa.me/5517996482578?text=Ol%C3%A1%20Martins%21%20Vi%20no%20site%20a%20carta%20de%20Im%C3%B3vel%20%28ID%3A%209285%29%20com%20Cr%C3%A9dito%20de%20R%24%2074.665%2C72%20e%20Entrada%20de%20R%24%2036.590%2C00.%20Ainda%20est%C3%A1%20dispon%C3%ADvel%3F
9049;Imóvel;R$ 74.658,97;R$ 36.780,00;168;R$ 533,18;HS;-;R$ 1.066,56;R$ 49,27;R$ 3.505,90;Reservada;https://wa.me/5517996482578?text=Ol%C3%A1%20Martins%21%20Vi%20no%20site%20a%20carta%20de%20Im%C3%B3vel%20%28ID%3A%209049%29%20com%20Cr%C3%A9dito%20de%20R%24%2074.658%2C97%20e%20Entrada%20de%20R%24%2036.780%2C00.%20Ainda%20est%C3%A1%20dispon%C3%ADvel%3F
9316;Imóvel;R$ 74.515,18;R$ 36.978,00;108;R$ 884,14;HS;-;R$ 1.064,50;R$ 52,52;R$ 1.824,39;Disponível;https://wa.me/5517996482578?text=Ol%C3%A1%20Martins%21%20Vi%20no%20site%20a%20carta%20de%20Im%C3%B3vel%20%28ID%3A%209316%29%20com%20Cr%C3%A9dito%20de%20R%24%2074.515%2C18%20e%20Entrada%20de%20R%24%2036.978%2C00.%20Ainda%20est%C3%A1%20dispon%C3%ADvel%3F
9112;Imóvel;R$ 74.335,56;R$ 35.610,00;167;R$ 544,27;HS;-;R$ 1.061,94;R$ 49,99;R$ 2.049,48;Disponível;https://wa.me/5517996482578?text=Ol%C3%A1%20Martins%21%20Vi%20no%20site%20a%20carta%20de%20Im%C3%B3vel%20%28ID%3A%209112%29%20com%20Cr%C3%A9dito%20de%20R%24%2074.335%2C56%20e%20Entrada%20de%20R%24%2035.610%2C00.%20Ainda%20est%C3%A1%20dispon%C3%ADvel%3F
9108;Imóvel;R$ 74.282,25;R$ 35.610,00;166;R$ 584,70;HS;-;R$ 1.061,18;R$ 53,38;R$ 2.049,50;Disponível;https://wa.me/5517996482578?text=Ol%C3%A1%20Martins%21%20Vi%20no%20site%20a%20carta%20de%20Im%C3%B3vel%20%28ID%3A%209108%29%20com%20Cr%C3%A9dito%20de%20R%24%2074.282%2C25%20e%20Entrada%20de%20R%24%2035.610%2C00.%20Ainda%20est%C3%A1%20dispon%C3%ADvel%3F
9203;Imóvel;R$ 74.054,47;R$ 35.610,00;163;R$ 582,46;HS;-;R$ 1.057,92;R$ 52,22;R$ 3.757,54;Disponível;https://wa.me/5517996482578?text=Ol%C3%A1%20Martins%21%20Vi%20no%20site%20a%20carta%20de%20Im%C3%B3vel%20%28ID%3A%209203%29%20com%20Cr%C3%A9dito%20de%20R%24%2074.054%2C47%20e%20Entrada%20de%20R%24%2035.610%2C00.%20Ainda%20est%C3%A1%20dispon%C3%ADvel%3F
9007;Imóvel;R$ 73.894,05;R$ 35.620,00;165;R$ 582,91;HS;-;R$ 1.055,63;R$ 52,90;R$ 3.757,55;Reservada;https://wa.me/5517996482578?text=Ol%C3%A1%20Martins%21%20Vi%20no%20site%20a%20carta%20de%20Im%C3%B3vel%20%28ID%3A%209007%29%20com%20Cr%C3%A9dito%20de%20R%24%2073.894%2C05%20e%20Entrada%20de%20R%24%2035.620%2C00.%20Ainda%20est%C3%A1%20dispon%C3%ADvel%3F
9333;Imóvel;R$ 73.700,85;R$ 35.606,00;167;R$ 550,33;HS;-;R$ 1.052,87;R$ 50,55;R$ 3.757,48;Disponível;https://wa.me/5517996482578?text=Ol%C3%A1%20Martins%21%20Vi%20no%20site%20a%20carta%20de%20Im%C3%B3vel%20%28ID%3A%209333%29%20com%20Cr%C3%A9dito%20de%20R%24%2073.700%2C85%20e%20Entrada%20de%20R%24%2035.606%2C00.%20Ainda%20est%C3%A1%20dispon%C3%ADvel%3F
9225;Veículo;R$ 73.633,83;R$ 36.070,00;100;R$ 818,07;HS;-;R$ 1.051,91;R$ 71,99;R$ 8.340,95;Reservada;https://wa.me/5517996482578?text=Ol%C3%A1%20Martins%21%20Vi%20no%20site%20a%20carta%20de%20Ve%C3%ADculo%20%28ID%3A%209225%29%20com%20Cr%C3%A9dito%20de%20R%24%2073.633%2C83%20e%20Entrada%20de%20R%24%2036.070%2C00.%20Ainda%20est%C3%A1%20dispon%C3%ADvel%3F
9367;Veículo;R$ 73.626,88;R$ 36.077,00;54;R$ 1.414,64;HS;-;R$ 1.051,81;R$ 67,22;R$ 13.170,86;Reservada;https://wa.me/5517996482578?text=Ol%C3%A1%20Martins%21%20Vi%20no%20site%20a%20carta%20de%20Ve%C3%ADculo%20%28ID%3A%209367%29%20com%20Cr%C3%A9dito%20de%20R%24%2073.626%2C88%20e%20Entrada%20de%20R%24%2036.077%2C00.%20Ainda%20est%C3%A1%20dispon%C3%ADvel%3F
9427;Imóvel;R$ 73.005,54;R$ 35.605,00;170;R$ 546,64;HS;-;R$ 1.042,94;R$ 51,11;R$ 76.523,40;Disponível;https://wa.me/5517996482578?text=Ol%C3%A1%20Martins%21%20Vi%20no%20site%20a%20carta%20de%20Im%C3%B3vel%20%28ID%3A%209427%29%20com%20Cr%C3%A9dito%20de%20R%24%2073.005%2C54%20e%20Entrada%20de%20R%24%2035.605%2C00.%20Ainda%20est%C3%A1%20dispon%C3%ADvel%3F
9221;Imóvel;R$ 72.968,40;R$ 35.290,00;118;R$ 725,71;HS;-;R$ 1.042,41;R$ 47,10;R$ 13.005,38;Reservada;https://wa.me/5517996482578?text=Ol%C3%A1%20Martins%21%20Vi%20no%20site%20a%20carta%20de%20Im%C3%B3vel%20%28ID%3A%209221%29%20com%20Cr%C3%A9dito%20de%20R%24%2072.968%2C40%20e%20Entrada%20de%20R%24%2035.290%2C00.%20Ainda%20est%C3%A1%20dispon%C3%ADvel%3F
8025;Imóvel;R$ 72.735,03;R$ 34.600,00;163;R$ 563,44;HS;-;R$ 1.039,07;R$ 50,51;R$ 2.049,54;Disponível;https://wa.me/5517996482578?text=Ol%C3%A1%20Martins%21%20Vi%20no%20site%20a%20carta%20de%20Im%C3%B3vel%20%28ID%3A%208025%29%20com%20Cr%C3%A9dito%20de%20R%24%2072.735%2C03%20e%20Entrada%20de%20R%24%2034.600%2C00.%20Ainda%20est%C3%A1%20dispon%C3%ADvel%3F
8026;Imóvel;R$ 72.735,03;R$ 34.600,00;163;R$ 563,44;HS;-;R$ 1.039,07;R$ 50,51;R$ 2.049,54;Disponível;https://wa.me/5517996482578?text=Ol%C3%A1%20Martins%21%20Vi%20no%20site%20a%20carta%20de%20Im%C3%B3vel%20%28ID%3A%208026%29%20com%20Cr%C3%A9dito%20de%20R%24%2072.735%2C03%20e%20Entrada%20de%20R%24%2034.600%2C00.%20Ainda%20est%C3%A1%20dispon%C3%ADvel%3F
7064;Imóvel;R$ 72.563,77;R$ 34.600,00;167;R$ 533,22;HS;-;R$ 1.036,63;R$ 48,98;R$ 1.366,30;Reservada;https://wa.me/5517996482578?text=Ol%C3%A1%20Martins%21%20Vi%20no%20site%20a%20carta%20de%20Im%C3%B3vel%20%28ID%3A%207064%29%20com%20Cr%C3%A9dito%20de%20R%24%2072.563%2C77%20e%20Entrada%20de%20R%24%2034.600%2C00.%20Ainda%20est%C3%A1%20dispon%C3%ADvel%3F
9021;Imóvel;R$ 72.528,92;R$ 34.620,00;166;R$ 567,39;HS;-;R$ 1.036,13;R$ 51,80;R$ 1.707,93;Disponível;https://wa.me/5517996482578?text=Ol%C3%A1%20Martins%21%20Vi%20no%20site%20a%20carta%20de%20Im%C3%B3vel%20%28ID%3A%209021%29%20com%20Cr%C3%A9dito%20de%20R%24%2072.528%2C92%20e%20Entrada%20de%20R%24%2034.620%2C00.%20Ainda%20est%C3%A1%20dispon%C3%ADvel%3F
9204;Imóvel;R$ 72.376,17;R$ 35.290,00;130;R$ 687,93;HS;-;R$ 1.033,95;R$ 49,19;R$ 5.475,02;Disponível;https://wa.me/5517996482578?text=Ol%C3%A1%20Martins%21%20Vi%20no%20site%20a%20carta%20de%20Im%C3%B3vel%20%28ID%3A%209204%29%20com%20Cr%C3%A9dito%20de%20R%24%2072.376%2C17%20e%20Entrada%20de%20R%24%2035.290%2C00.%20Ainda%20est%C3%A1%20dispon%C3%ADvel%3F
8081;Imóvel;R$ 72.316,32;R$ 34.600,00;160;R$ 579,13;HS;-;R$ 1.033,09;R$ 50,96;R$ 1.755,90;Disponível;https://wa.me/5517996482578?text=Ol%C3%A1%20Martins%21%20Vi%20no%20site%20a%20carta%20de%20Im%C3%B3vel%20%28ID%3A%208081%29%20com%20Cr%C3%A9dito%20de%20R%24%2072.316%2C32%20e%20Entrada%20de%20R%24%2034.600%2C00.%20Ainda%20est%C3%A1%20dispon%C3%ADvel%3F
9450;Veículo;R$ 72.243,90;R$ 35.247,00;57;R$ 1.512,60;HS;-;R$ 1.032,06;R$ 75,87;R$ 1.926,44;Disponível;https://wa.me/5517996482578?text=Ol%C3%A1%20Martins%21%20Vi%20no%20site%20a%20carta%20de%20Ve%C3%ADculo%20%28ID%3A%209450%29%20com%20Cr%C3%A9dito%20de%20R%24%2072.243%2C90%20e%20Entrada%20de%20R%24%2035.247%2C00.%20Ainda%20est%C3%A1%20dispon%C3%ADvel%3F
7082;Veículo;R$ 72.227,22;R$ 35.400,00;85;R$ 977,62;HS;-;R$ 1.031,82;R$ 73,13;R$ 4.640,00;Reservada;https://wa.me/5517996482578?text=Ol%C3%A1%20Martins%21%20Vi%20no%20site%20a%20carta%20de%20Ve%C3%ADculo%20%28ID%3A%207082%29%20com%20Cr%C3%A9dito%20de%20R%24%2072.227%2C22%20e%20Entrada%20de%20R%24%2035.400%2C00.%20Ainda%20est%C3%A1%20dispon%C3%ADvel%3F
9109;Imóvel;R$ 72.179,44;R$ 34.600,00;166;R$ 569,77;HS;-;R$ 1.031,13;R$ 52,02;R$ 2.391,12;Disponível;https://wa.me/5517996482578?text=Ol%C3%A1%20Martins%21%20Vi%20no%20site%20a%20carta%20de%20Im%C3%B3vel%20%28ID%3A%209109%29%20com%20Cr%C3%A9dito%20de%20R%24%2072.179%2C44%20e%20Entrada%20de%20R%24%2034.600%2C00.%20Ainda%20est%C3%A1%20dispon%C3%ADvel%3F
9045;Imóvel;R$ 71.807,26;R$ 34.640,00;175;R$ 528,01;HS;-;R$ 1.025,82;R$ 50,82;R$ 683,11;Reservada;https://wa.me/5517996482578?text=Ol%C3%A1%20Martins%21%20Vi%20no%20site%20a%20carta%20de%20Im%C3%B3vel%20%28ID%3A%209045%29%20com%20Cr%C3%A9dito%20de%20R%24%2071.807%2C26%20e%20Entrada%20de%20R%24%2034.640%2C00.%20Ainda%20est%C3%A1%20dispon%C3%ADvel%3F
9331;Imóvel;R$ 71.621,40;R$ 34.600,00;166;R$ 575,71;HS;-;R$ 1.023,16;R$ 52,56;R$ 4.107,44;Disponível;https://wa.me/5517996482578?text=Ol%C3%A1%20Martins%21%20Vi%20no%20site%20a%20carta%20de%20Im%C3%B3vel%20%28ID%3A%209331%29%20com%20Cr%C3%A9dito%20de%20R%24%2071.621%2C40%20e%20Entrada%20de%20R%24%2034.600%2C00.%20Ainda%20est%C3%A1%20dispon%C3%ADvel%3F
9227;Imóvel;R$ 71.541,92;R$ 34.600,00;177;R$ 527,71;HS;-;R$ 1.022,03;R$ 51,37;R$ 341,70;Reservada;https://wa.me/5517996482578?text=Ol%C3%A1%20Martins%21%20Vi%20no%20site%20a%20carta%20de%20Im%C3%B3vel%20%28ID%3A%209227%29%20com%20Cr%C3%A9dito%20de%20R%24%2071.541%2C92%20e%20Entrada%20de%20R%24%2034.600%2C00.%20Ainda%20est%C3%A1%20dispon%C3%ADvel%3F
9166;Imóvel;R$ 71.398,96;R$ 34.520,00;125;R$ 599,39;HS;-;R$ 1.019,99;R$ 41,21;R$ 15.529,72;Reservada;https://wa.me/5517996482578?text=Ol%C3%A1%20Martins%21%20Vi%20no%20site%20a%20carta%20de%20Im%C3%B3vel%20%28ID%3A%209166%29%20com%20Cr%C3%A9dito%20de%20R%24%2071.398%2C96%20e%20Entrada%20de%20R%24%2034.520%2C00.%20Ainda%20est%C3%A1%20dispon%C3%ADvel%3F
9187;Veículo;R$ 71.322,21;R$ 34.790,00;107;R$ 767,55;HS;-;R$ 1.018,89;R$ 72,27;R$ 4.874,00;Reservada;https://wa.me/5517996482578?text=Ol%C3%A1%20Martins%21%20Vi%20no%20site%20a%20carta%20de%20Ve%C3%ADculo%20%28ID%3A%209187%29%20com%20Cr%C3%A9dito%20de%20R%24%2071.322%2C21%20e%20Entrada%20de%20R%24%2034.790%2C00.%20Ainda%20est%C3%A1%20dispon%C3%ADvel%3F
9173;Imóvel;R$ 71.317,09;R$ 34.482,00;121;R$ 608,46;HS;-;R$ 1.018,82;R$ 40,49;R$ 16.995,15;Reservada;https://wa.me/5517996482578?text=Ol%C3%A1%20Martins%21%20Vi%20no%20site%20a%20carta%20de%20Im%C3%B3vel%20%28ID%3A%209173%29%20com%20Cr%C3%A9dito%20de%20R%24%2071.317%2C09%20e%20Entrada%20de%20R%24%2034.482%2C00.%20Ainda%20est%C3%A1%20dispon%C3%ADvel%3F
9030;Veículo;R$ 71.004,82;R$ 34.650,00;110;R$ 744,59;HS;-;R$ 1.014,35;R$ 72,08;R$ 3.383,79;Reservada;https://wa.me/5517996482578?text=Ol%C3%A1%20Martins%21%20Vi%20no%20site%20a%20carta%20de%20Ve%C3%ADculo%20%28ID%3A%209030%29%20com%20Cr%C3%A9dito%20de%20R%24%2071.004%2C82%20e%20Entrada%20de%20R%24%2034.650%2C00.%20Ainda%20est%C3%A1%20dispon%C3%ADvel%3F
9145;Veículo;R$ 71.002,00;R$ 34.790,00;108;R$ 760,81;HS;-;R$ 1.014,31;R$ 72,31;R$ 4.834,03;Reservada;https://wa.me/5517996482578?text=Ol%C3%A1%20Martins%21%20Vi%20no%20site%20a%20carta%20de%20Ve%C3%ADculo%20%28ID%3A%209145%29%20com%20Cr%C3%A9dito%20de%20R%24%2071.002%2C00%20e%20Entrada%20de%20R%24%2034.790%2C00.%20Ainda%20est%C3%A1%20dispon%C3%ADvel%3F
9194;Veículo;R$ 70.711,24;R$ 36.320,00;115;R$ 745,62;HS;-;R$ 1.010,16;R$ 75,46;R$ 491,50;Reservada;https://wa.me/5517996482578?text=Ol%C3%A1%20Martins%21%20Vi%20no%20site%20a%20carta%20de%20Ve%C3%ADculo%20%28ID%3A%209194%29%20com%20Cr%C3%A9dito%20de%20R%24%2070.711%2C24%20e%20Entrada%20de%20R%24%2036.320%2C00.%20Ainda%20est%C3%A1%20dispon%C3%ADvel%3F
9107;Imóvel;R$ 70.460,08;R$ 34.070,00;129;R$ 608,00;HS;-;R$ 1.006,57;R$ 43,14;R$ 11.710,59;Reservada;https://wa.me/5517996482578?text=Ol%C3%A1%20Martins%21%20Vi%20no%20site%20a%20carta%20de%20Im%C3%B3vel%20%28ID%3A%209107%29%20com%20Cr%C3%A9dito%20de%20R%24%2070.460%2C08%20e%20Entrada%20de%20R%24%2034.070%2C00.%20Ainda%20est%C3%A1%20dispon%C3%ADvel%3F
9328;Veículo;R$ 70.268,60;R$ 34.432,00;69;R$ 1.189,87;HS;-;R$ 1.003,84;R$ 72,25;R$ 3.420,83;Reservada;https://wa.me/5517996482578?text=Ol%C3%A1%20Martins%21%20Vi%20no%20site%20a%20carta%20de%20Ve%C3%ADculo%20%28ID%3A%209328%29%20com%20Cr%C3%A9dito%20de%20R%24%2070.268%2C60%20e%20Entrada%20de%20R%24%2034.432%2C00.%20Ainda%20est%C3%A1%20dispon%C3%ADvel%3F
9335;Imóvel;R$ 70.156,15;R$ 33.893,00;141;R$ 583,73;HS;-;R$ 1.002,23;R$ 45,27;R$ 7.918,69;Disponível;https://wa.me/5517996482578?text=Ol%C3%A1%20Martins%21%20Vi%20no%20site%20a%20carta%20de%20Im%C3%B3vel%20%28ID%3A%209335%29%20com%20Cr%C3%A9dito%20de%20R%24%2070.156%2C15%20e%20Entrada%20de%20R%24%2033.893%2C00.%20Ainda%20est%C3%A1%20dispon%C3%ADvel%3F
9061;Veículo;R$ 70.035,40;R$ 34.320,00;117;R$ 731,21;HS;-;R$ 1.000,51;R$ 75,29;R$ 483,30;Reservada;https://wa.me/5517996482578?text=Ol%C3%A1%20Martins%21%20Vi%20no%20site%20a%20carta%20de%20Ve%C3%ADculo%20%28ID%3A%209061%29%20com%20Cr%C3%A9dito%20de%20R%24%2070.035%2C40%20e%20Entrada%20de%20R%24%2034.320%2C00.%20Ainda%20est%C3%A1%20dispon%C3%ADvel%3F
9082;Veículo;R$ 70.035,40;R$ 34.320,00;113;R$ 739,98;HS;-;R$ 1.000,51;R$ 73,58;R$ 2.416,99;Reservada;https://wa.me/5517996482578?text=Ol%C3%A1%20Martins%21%20Vi%20no%20site%20a%20carta%20de%20Ve%C3%ADculo%20%28ID%3A%209082%29%20com%20Cr%C3%A9dito%20de%20R%24%2070.035%2C40%20e%20Entrada%20de%20R%24%2034.320%2C00.%20Ainda%20est%C3%A1%20dispon%C3%ADvel%3F
9349;Veículo;R$ 70.035,40;R$ 34.317,00;107;R$ 758,51;HS;-;R$ 1.000,51;R$ 71,42;R$ 4.874,00;Reservada;https://wa.me/5517996482578?text=Ol%C3%A1%20Martins%21%20Vi%20no%20site%20a%20carta%20de%20Ve%C3%ADculo%20%28ID%3A%209349%29%20com%20Cr%C3%A9dito%20de%20R%24%2070.035%2C40%20e%20Entrada%20de%20R%24%2034.317%2C00.%20Ainda%20est%C3%A1%20dispon%C3%ADvel%3F
9376;Veículo;R$ 70.035,40;R$ 34.317,00;116;R$ 733,30;HS;-;R$ 1.000,51;R$ 74,86;R$ 971,46;Reservada;https://wa.me/5517996482578?text=Ol%C3%A1%20Martins%21%20Vi%20no%20site%20a%20carta%20de%20Ve%C3%ADculo%20%28ID%3A%209376%29%20com%20Cr%C3%A9dito%20de%20R%24%2070.035%2C40%20e%20Entrada%20de%20R%24%2034.317%2C00.%20Ainda%20est%C3%A1%20dispon%C3%ADvel%3F
9223;Imóvel;R$ 69.243,84;R$ 33.435,00;140;R$ 566,67;HS;-;R$ 989,20;R$ 43,63;R$ 8.972,83;Reservada;https://wa.me/5517996482578?text=Ol%C3%A1%20Martins%21%20Vi%20no%20site%20a%20carta%20de%20Im%C3%B3vel%20%28ID%3A%209223%29%20com%20Cr%C3%A9dito%20de%20R%24%2069.243%2C84%20e%20Entrada%20de%20R%24%2033.435%2C00.%20Ainda%20est%C3%A1%20dispon%C3%ADvel%3F
9067;Imóvel;R$ 68.838,31;R$ 33.550,00;128;R$ 579,78;HS;-;R$ 983,40;R$ 40,82;R$ 14.839,41;Reservada;https://wa.me/5517996482578?text=Ol%C3%A1%20Martins%21%20Vi%20no%20site%20a%20carta%20de%20Im%C3%B3vel%20%28ID%3A%209067%29%20com%20Cr%C3%A9dito%20de%20R%24%2068.838%2C31%20e%20Entrada%20de%20R%24%2033.550%2C00.%20Ainda%20est%C3%A1%20dispon%C3%ADvel%3F
9454;Imóvel;R$ 67.682,94;R$ 33.010,00;124;R$ 594,11;HS;-;R$ 966,90;R$ 40,52;R$ 14.390,01;Disponível;https://wa.me/5517996482578?text=Ol%C3%A1%20Martins%21%20Vi%20no%20site%20a%20carta%20de%20Im%C3%B3vel%20%28ID%3A%209454%29%20com%20Cr%C3%A9dito%20de%20R%24%2067.682%2C94%20e%20Entrada%20de%20R%24%2033.010%2C00.%20Ainda%20est%C3%A1%20dispon%C3%ADvel%3F
9455;Imóvel;R$ 67.533,51;R$ 32.936,00;140;R$ 573,73;HS;-;R$ 964,76;R$ 44,18;R$ 7.969,88;Disponível;https://wa.me/5517996482578?text=Ol%C3%A1%20Martins%21%20Vi%20no%20site%20a%20carta%20de%20Im%C3%B3vel%20%28ID%3A%209455%29%20com%20Cr%C3%A9dito%20de%20R%24%2067.533%2C51%20e%20Entrada%20de%20R%24%2032.936%2C00.%20Ainda%20est%C3%A1%20dispon%C3%ADvel%3F
9472;Imóvel;R$ 67.165,72;R$ 33.128,00;124;R$ 705,99;HS;-;R$ 959,51;R$ 48,15;R$ 1.307,59;Disponível;https://wa.me/5517996482578?text=Ol%C3%A1%20Martins%21%20Vi%20no%20site%20a%20carta%20de%20Im%C3%B3vel%20%28ID%3A%209472%29%20com%20Cr%C3%A9dito%20de%20R%24%2067.165%2C72%20e%20Entrada%20de%20R%24%2033.128%2C00.%20Ainda%20est%C3%A1%20dispon%C3%ADvel%3F
9113;Imóvel;R$ 66.926,05;R$ 32.330,00;140;R$ 545,64;HS;-;R$ 956,09;R$ 42,01;R$ 9.405,76;Reservada;https://wa.me/5517996482578?text=Ol%C3%A1%20Martins%21%20Vi%20no%20site%20a%20carta%20de%20Im%C3%B3vel%20%28ID%3A%209113%29%20com%20Cr%C3%A9dito%20de%20R%24%2066.926%2C05%20e%20Entrada%20de%20R%24%2032.330%2C00.%20Ainda%20est%C3%A1%20dispon%C3%ADvel%3F
9220;Imóvel;R$ 66.915,73;R$ 32.270,00;133;R$ 568,93;HS;-;R$ 955,94;R$ 41,62;R$ 9.070,06;Disponível;https://wa.me/5517996482578?text=Ol%C3%A1%20Martins%21%20Vi%20no%20site%20a%20carta%20de%20Im%C3%B3vel%20%28ID%3A%209220%29%20com%20Cr%C3%A9dito%20de%20R%24%2066.915%2C73%20e%20Entrada%20de%20R%24%2032.270%2C00.%20Ainda%20est%C3%A1%20dispon%C3%ADvel%3F
7017;Veículo;R$ 66.903,40;R$ 34.200,00;67;R$ 1.137,09;HS;-;R$ 955,76;R$ 67,04;R$ 1.082,61;Reservada;https://wa.me/5517996482578?text=Ol%C3%A1%20Martins%21%20Vi%20no%20site%20a%20carta%20de%20Ve%C3%ADculo%20%28ID%3A%207017%29%20com%20Cr%C3%A9dito%20de%20R%24%2066.903%2C40%20e%20Entrada%20de%20R%24%2034.200%2C00.%20Ainda%20est%C3%A1%20dispon%C3%ADvel%3F
9026;Imóvel;R$ 66.839,05;R$ 32.270,00;140;R$ 539,21;HS;-;R$ 954,84;R$ 41,52;R$ 10.620,32;Reservada;https://wa.me/5517996482578?text=Ol%C3%A1%20Martins%21%20Vi%20no%20site%20a%20carta%20de%20Im%C3%B3vel%20%28ID%3A%209026%29%20com%20Cr%C3%A9dito%20de%20R%24%2066.839%2C05%20e%20Entrada%20de%20R%24%2032.270%2C00.%20Ainda%20est%C3%A1%20dispon%C3%ADvel%3F
9263;Imóvel;R$ 66.614,00;R$ 32.160,00;128;R$ 573,34;HS;-;R$ 951,63;R$ 40,36;R$ 13.897,51;Disponível;https://wa.me/5517996482578?text=Ol%C3%A1%20Martins%21%20Vi%20no%20site%20a%20carta%20de%20Im%C3%B3vel%20%28ID%3A%209263%29%20com%20Cr%C3%A9dito%20de%20R%24%2066.614%2C00%20e%20Entrada%20de%20R%24%2032.160%2C00.%20Ainda%20est%C3%A1%20dispon%C3%ADvel%3F
9289;Imóvel;R$ 66.162,51;R$ 32.264,00;134;R$ 549,26;HS;-;R$ 945,18;R$ 40,48;R$ 12.520,96;Reservada;https://wa.me/5517996482578?text=Ol%C3%A1%20Martins%21%20Vi%20no%20site%20a%20carta%20de%20Im%C3%B3vel%20%28ID%3A%209289%29%20com%20Cr%C3%A9dito%20de%20R%24%2066.162%2C51%20e%20Entrada%20de%20R%24%2032.264%2C00.%20Ainda%20est%C3%A1%20dispon%C3%ADvel%3F
9435;Imóvel;R$ 66.102,62;R$ 32.240,00;131;R$ 551,66;HS;-;R$ 944,32;R$ 39,75;R$ 13.724,05;Disponível;https://wa.me/5517996482578?text=Ol%C3%A1%20Martins%21%20Vi%20no%20site%20a%20carta%20de%20Im%C3%B3vel%20%28ID%3A%209435%29%20com%20Cr%C3%A9dito%20de%20R%24%2066.102%2C62%20e%20Entrada%20de%20R%24%2032.240%2C00.%20Ainda%20est%C3%A1%20dispon%C3%ADvel%3F
9247;Imóvel;R$ 64.784,02;R$ 31.230,00;144;R$ 513,28;HS;-;R$ 925,49;R$ 40,65;R$ 8.920,84;Disponível;https://wa.me/5517996482578?text=Ol%C3%A1%20Martins%21%20Vi%20no%20site%20a%20carta%20de%20Im%C3%B3vel%20%28ID%3A%209247%29%20com%20Cr%C3%A9dito%20de%20R%24%2064.784%2C02%20e%20Entrada%20de%20R%24%2031.230%2C00.%20Ainda%20est%C3%A1%20dispon%C3%ADvel%3F
9230;Imóvel;R$ 64.780,64;R$ 31.180,00;145;R$ 509,75;HS;-;R$ 925,44;R$ 40,65;R$ 8.298,28;Disponível;https://wa.me/5517996482578?text=Ol%C3%A1%20Martins%21%20Vi%20no%20site%20a%20carta%20de%20Im%C3%B3vel%20%28ID%3A%209230%29%20com%20Cr%C3%A9dito%20de%20R%24%2064.780%2C64%20e%20Entrada%20de%20R%24%2031.180%2C00.%20Ainda%20est%C3%A1%20dispon%C3%ADvel%3F
8065;Imóvel;R$ 64.684,94;R$ 31.200,00;152;R$ 523,26;HS;-;R$ 924,07;R$ 43,74;R$ 4.019,40;Reservada;https://wa.me/5517996482578?text=Ol%C3%A1%20Martins%21%20Vi%20no%20site%20a%20carta%20de%20Im%C3%B3vel%20%28ID%3A%208065%29%20com%20Cr%C3%A9dito%20de%20R%24%2064.684%2C94%20e%20Entrada%20de%20R%24%2031.200%2C00.%20Ainda%20est%C3%A1%20dispon%C3%ADvel%3F
9412;Imóvel;R$ 64.481,93;R$ 31.560,00;148;R$ 537,83;HS;-;R$ 921,17;R$ 43,78;R$ 4.433,78;Disponível;https://wa.me/5517996482578?text=Ol%C3%A1%20Martins%21%20Vi%20no%20site%20a%20carta%20de%20Im%C3%B3vel%20%28ID%3A%209412%29%20com%20Cr%C3%A9dito%20de%20R%24%2064.481%2C93%20e%20Entrada%20de%20R%24%2031.560%2C00.%20Ainda%20est%C3%A1%20dispon%C3%ADvel%3F
7084;Veículo;R$ 64.189,99;R$ 31.400,00;91;R$ 810,17;HS;-;R$ 917,00;R$ 64,88;R$ 522,00;Reservada;https://wa.me/5517996482578?text=Ol%C3%A1%20Martins%21%20Vi%20no%20site%20a%20carta%20de%20Ve%C3%ADculo%20%28ID%3A%207084%29%20com%20Cr%C3%A9dito%20de%20R%24%2064.189%2C99%20e%20Entrada%20de%20R%24%2031.400%2C00.%20Ainda%20est%C3%A1%20dispon%C3%ADvel%3F
9287;Imóvel;R$ 63.942,09;R$ 30.870,00;142;R$ 553,06;HS;-;R$ 913,46;R$ 43,19;R$ 8.947,61;Disponível;https://wa.me/5517996482578?text=Ol%C3%A1%20Martins%21%20Vi%20no%20site%20a%20carta%20de%20Im%C3%B3vel%20%28ID%3A%209287%29%20com%20Cr%C3%A9dito%20de%20R%24%2063.942%2C09%20e%20Entrada%20de%20R%24%2030.870%2C00.%20Ainda%20est%C3%A1%20dispon%C3%ADvel%3F
9168;Imóvel;R$ 63.889,13;R$ 30.875,00;145;R$ 501,83;HS;-;R$ 912,70;R$ 40,02;R$ 9.126,43;Reservada;https://wa.me/5517996482578?text=Ol%C3%A1%20Martins%21%20Vi%20no%20site%20a%20carta%20de%20Im%C3%B3vel%20%28ID%3A%209168%29%20com%20Cr%C3%A9dito%20de%20R%24%2063.889%2C13%20e%20Entrada%20de%20R%24%2030.875%2C00.%20Ainda%20est%C3%A1%20dispon%C3%ADvel%3F
9213;Imóvel;R$ 63.797,45;R$ 30.900,00;138;R$ 537,71;HS;-;R$ 911,39;R$ 40,81;R$ 10.308,63;Disponível;https://wa.me/5517996482578?text=Ol%C3%A1%20Martins%21%20Vi%20no%20site%20a%20carta%20de%20Im%C3%B3vel%20%28ID%3A%209213%29%20com%20Cr%C3%A9dito%20de%20R%24%2063.797%2C45%20e%20Entrada%20de%20R%24%2030.900%2C00.%20Ainda%20est%C3%A1%20dispon%C3%ADvel%3F
9060;Imóvel;R$ 63.624,46;R$ 31.180,00;151;R$ 511,74;HS;-;R$ 908,92;R$ 42,50;R$ 6.563,40;Reservada;https://wa.me/5517996482578?text=Ol%C3%A1%20Martins%21%20Vi%20no%20site%20a%20carta%20de%20Im%C3%B3vel%20%28ID%3A%209060%29%20com%20Cr%C3%A9dito%20de%20R%24%2063.624%2C46%20e%20Entrada%20de%20R%24%2031.180%2C00.%20Ainda%20est%C3%A1%20dispon%C3%ADvel%3F
9350;Veículo;R$ 62.569,99;R$ 30.659,29;70;R$ 968,20;HS;-;R$ 893,86;R$ 59,64;R$ 8.462,19;Reservada;https://wa.me/5517996482578?text=Ol%C3%A1%20Martins%21%20Vi%20no%20site%20a%20carta%20de%20Ve%C3%ADculo%20%28ID%3A%209350%29%20com%20Cr%C3%A9dito%20de%20R%24%2062.569%2C99%20e%20Entrada%20de%20R%24%2030.659%2C29.%20Ainda%20est%C3%A1%20dispon%C3%ADvel%3F
9014;Imóvel;R$ 62.026,27;R$ 30.500,00;138;R$ 553,58;HS;-;R$ 886,09;R$ 42,02;R$ 7.149,13;Reservada;https://wa.me/5517996482578?text=Ol%C3%A1%20Martins%21%20Vi%20no%20site%20a%20carta%20de%20Im%C3%B3vel%20%28ID%3A%209014%29%20com%20Cr%C3%A9dito%20de%20R%24%2062.026%2C27%20e%20Entrada%20de%20R%24%2030.500%2C00.%20Ainda%20est%C3%A1%20dispon%C3%ADvel%3F
8062;Imóvel;R$ 61.029,77;R$ 29.450,00;154;R$ 537,83;HS;-;R$ 871,85;R$ 45,55;R$ 1.162,07;Reservada;https://wa.me/5517996482578?text=Ol%C3%A1%20Martins%21%20Vi%20no%20site%20a%20carta%20de%20Im%C3%B3vel%20%28ID%3A%208062%29%20com%20Cr%C3%A9dito%20de%20R%24%2061.029%2C77%20e%20Entrada%20de%20R%24%2029.450%2C00.%20Ainda%20est%C3%A1%20dispon%C3%ADvel%3F
9115;Veículo;R$ 60.957,47;R$ 29.740,00;80;R$ 823,15;HS;-;R$ 870,82;R$ 57,95;R$ 8.030,72;Reservada;https://wa.me/5517996482578?text=Ol%C3%A1%20Martins%21%20Vi%20no%20site%20a%20carta%20de%20Ve%C3%ADculo%20%28ID%3A%209115%29%20com%20Cr%C3%A9dito%20de%20R%24%2060.957%2C47%20e%20Entrada%20de%20R%24%2029.740%2C00.%20Ainda%20est%C3%A1%20dispon%C3%ADvel%3F
9327;Imóvel;R$ 60.737,09;R$ 29.767,00;142;R$ 543,37;HS;-;R$ 867,67;R$ 42,44;R$ 10.120,92;Disponível;https://wa.me/5517996482578?text=Ol%C3%A1%20Martins%21%20Vi%20no%20site%20a%20carta%20de%20Im%C3%B3vel%20%28ID%3A%209327%29%20com%20Cr%C3%A9dito%20de%20R%24%2060.737%2C09%20e%20Entrada%20de%20R%24%2029.767%2C00.%20Ainda%20est%C3%A1%20dispon%C3%ADvel%3F
9135;Veículo;R$ 60.028,09;R$ 28.890,00;56;R$ 1.137,86;HS;-;R$ 857,54;R$ 56,07;R$ 5.943,15;Reservada;https://wa.me/5517996482578?text=Ol%C3%A1%20Martins%21%20Vi%20no%20site%20a%20carta%20de%20Ve%C3%ADculo%20%28ID%3A%209135%29%20com%20Cr%C3%A9dito%20de%20R%24%2060.028%2C09%20e%20Entrada%20de%20R%24%2028.890%2C00.%20Ainda%20est%C3%A1%20dispon%C3%ADvel%3F
9341;Veículo;R$ 59.625,65;R$ 29.216,00;47;R$ 1.081,63;HS;-;R$ 851,80;R$ 44,74;R$ 16.725,08;Reservada;https://wa.me/5517996482578?text=Ol%C3%A1%20Martins%21%20Vi%20no%20site%20a%20carta%20de%20Ve%C3%ADculo%20%28ID%3A%209341%29%20com%20Cr%C3%A9dito%20de%20R%24%2059.625%2C65%20e%20Entrada%20de%20R%24%2029.216%2C00.%20Ainda%20est%C3%A1%20dispon%C3%ADvel%3F
9279;Veículo;R$ 58.545,53;R$ 28.688,00;49;R$ 1.042,77;HS;-;R$ 836,36;R$ 44,96;R$ 18.900,61;Reservada;https://wa.me/5517996482578?text=Ol%C3%A1%20Martins%21%20Vi%20no%20site%20a%20carta%20de%20Ve%C3%ADculo%20%28ID%3A%209279%29%20com%20Cr%C3%A9dito%20de%20R%24%2058.545%2C53%20e%20Entrada%20de%20R%24%2028.688%2C00.%20Ainda%20est%C3%A1%20dispon%C3%ADvel%3F
9117;Veículo;R$ 57.841,21;R$ 27.835,00;94;R$ 720,60;HS;-;R$ 826,30;R$ 59,61;R$ 1.863,37;Reservada;https://wa.me/5517996482578?text=Ol%C3%A1%20Martins%21%20Vi%20no%20site%20a%20carta%20de%20Ve%C3%ADculo%20%28ID%3A%209117%29%20com%20Cr%C3%A9dito%20de%20R%24%2057.841%2C21%20e%20Entrada%20de%20R%24%2027.835%2C00.%20Ainda%20est%C3%A1%20dispon%C3%ADvel%3F
9280;Veículo;R$ 56.981,61;R$ 27.832,00;94;R$ 725,46;HS;-;R$ 814,02;R$ 60,01;R$ 1.405,84;Reservada;https://wa.me/5517996482578?text=Ol%C3%A1%20Martins%21%20Vi%20no%20site%20a%20carta%20de%20Ve%C3%ADculo%20%28ID%3A%209280%29%20com%20Cr%C3%A9dito%20de%20R%24%2056.981%2C61%20e%20Entrada%20de%20R%24%2027.832%2C00.%20Ainda%20est%C3%A1%20dispon%C3%ADvel%3F
9068;Veículo;R$ 55.015,82;R$ 26.960,00;64;R$ 829,46;HS;-;R$ 785,94;R$ 46,72;R$ 13.539,44;Reservada;https://wa.me/5517996482578?text=Ol%C3%A1%20Martins%21%20Vi%20no%20site%20a%20carta%20de%20Ve%C3%ADculo%20%28ID%3A%209068%29%20com%20Cr%C3%A9dito%20de%20R%24%2055.015%2C82%20e%20Entrada%20de%20R%24%2026.960%2C00.%20Ainda%20est%C3%A1%20dispon%C3%ADvel%3F
9358;Veículo;R$ 54.748,74;R$ 26.826,00;70;R$ 848,67;HS;-;R$ 782,12;R$ 52,28;R$ 7.275,28;Reservada;https://wa.me/5517996482578?text=Ol%C3%A1%20Martins%21%20Vi%20no%20site%20a%20carta%20de%20Ve%C3%ADculo%20%28ID%3A%209358%29%20com%20Cr%C3%A9dito%20de%20R%24%2054.748%2C74%20e%20Entrada%20de%20R%24%2026.826%2C00.%20Ainda%20est%C3%A1%20dispon%C3%ADvel%3F
9198;Veículo;R$ 54.207,67;R$ 26.562,00;66;R$ 791,71;HS;-;R$ 774,40;R$ 45,98;R$ 13.466,85;Reservada;https://wa.me/5517996482578?text=Ol%C3%A1%20Martins%21%20Vi%20no%20site%20a%20carta%20de%20Ve%C3%ADculo%20%28ID%3A%209198%29%20com%20Cr%C3%A9dito%20de%20R%24%2054.207%2C67%20e%20Entrada%20de%20R%24%2026.562%2C00.%20Ainda%20est%C3%A1%20dispon%C3%ADvel%3F
9069;Veículo;R$ 54.131,42;R$ 26.530,00;64;R$ 815,64;HS;-;R$ 773,31;R$ 45,94;R$ 13.539,44;Reservada;https://wa.me/5517996482578?text=Ol%C3%A1%20Martins%21%20Vi%20no%20site%20a%20carta%20de%20Ve%C3%ADculo%20%28ID%3A%209069%29%20com%20Cr%C3%A9dito%20de%20R%24%2054.131%2C42%20e%20Entrada%20de%20R%24%2026.530%2C00.%20Ainda%20est%C3%A1%20dispon%C3%ADvel%3F
9397;Veículo;R$ 54.128,62;R$ 26.523,00;77;R$ 726,14;HS;-;R$ 773,27;R$ 49,20;R$ 8.713,29;Reservada;https://wa.me/5517996482578?text=Ol%C3%A1%20Martins%21%20Vi%20no%20site%20a%20carta%20de%20Ve%C3%ADculo%20%28ID%3A%209397%29%20com%20Cr%C3%A9dito%20de%20R%24%2054.128%2C62%20e%20Entrada%20de%20R%24%2026.523%2C00.%20Ainda%20est%C3%A1%20dispon%C3%ADvel%3F
9357;Veículo;R$ 53.530,57;R$ 26.229,00;76;R$ 640,23;HS;-;R$ 764,72;R$ 42,82;R$ 15.844,42;Reservada;https://wa.me/5517996482578?text=Ol%C3%A1%20Martins%21%20Vi%20no%20site%20a%20carta%20de%20Ve%C3%ADculo%20%28ID%3A%209357%29%20com%20Cr%C3%A9dito%20de%20R%24%2053.530%2C57%20e%20Entrada%20de%20R%24%2026.229%2C00.%20Ainda%20est%C3%A1%20dispon%C3%ADvel%3F
9215;Veículo;R$ 53.481,48;R$ 26.105,00;74;R$ 761,17;HS;-;R$ 764,02;R$ 49,57;R$ 9.981,14;Reservada;https://wa.me/5517996482578?text=Ol%C3%A1%20Martins%21%20Vi%20no%20site%20a%20carta%20de%20Ve%C3%ADculo%20%28ID%3A%209215%29%20com%20Cr%C3%A9dito%20de%20R%24%2053.481%2C48%20e%20Entrada%20de%20R%24%2026.105%2C00.%20Ainda%20est%C3%A1%20dispon%C3%ADvel%3F
9157;Veículo;R$ 53.424,70;R$ 26.180,00;61;R$ 824,96;HS;-;R$ 763,21;R$ 44,28;R$ 10.594,06;Reservada;https://wa.me/5517996482578?text=Ol%C3%A1%20Martins%21%20Vi%20no%20site%20a%20carta%20de%20Ve%C3%ADculo%20%28ID%3A%209157%29%20com%20Cr%C3%A9dito%20de%20R%24%2053.424%2C70%20e%20Entrada%20de%20R%24%2026.180%2C00.%20Ainda%20est%C3%A1%20dispon%C3%ADvel%3F
9019;Veículo;R$ 53.160,33;R$ 25.960,00;77;R$ 724,34;HS;-;R$ 759,43;R$ 49,08;R$ 8.703,84;Reservada;https://wa.me/5517996482578?text=Ol%C3%A1%20Martins%21%20Vi%20no%20site%20a%20carta%20de%20Ve%C3%ADculo%20%28ID%3A%209019%29%20com%20Cr%C3%A9dito%20de%20R%24%2053.160%2C33%20e%20Entrada%20de%20R%24%2025.960%2C00.%20Ainda%20est%C3%A1%20dispon%C3%ADvel%3F
9209;Veículo;R$ 53.016,40;R$ 25.980,00;74;R$ 754,70;HS;-;R$ 757,38;R$ 49,15;R$ 8.702,93;Reservada;https://wa.me/5517996482578?text=Ol%C3%A1%20Martins%21%20Vi%20no%20site%20a%20carta%20de%20Ve%C3%ADculo%20%28ID%3A%209209%29%20com%20Cr%C3%A9dito%20de%20R%24%2053.016%2C40%20e%20Entrada%20de%20R%24%2025.980%2C00.%20Ainda%20est%C3%A1%20dispon%C3%ADvel%3F
9072;Veículo;R$ 52.970,32;R$ 26.000,00;76;R$ 728,27;HS;-;R$ 756,72;R$ 48,71;R$ 9.129,60;Reservada;https://wa.me/5517996482578?text=Ol%C3%A1%20Martins%21%20Vi%20no%20site%20a%20carta%20de%20Ve%C3%ADculo%20%28ID%3A%209072%29%20com%20Cr%C3%A9dito%20de%20R%24%2052.970%2C32%20e%20Entrada%20de%20R%24%2026.000%2C00.%20Ainda%20est%C3%A1%20dispon%C3%ADvel%3F
9128;Veículo;R$ 52.970,32;R$ 25.960,00;75;R$ 732,30;HS;-;R$ 756,72;R$ 48,33;R$ 9.555,38;Reservada;https://wa.me/5517996482578?text=Ol%C3%A1%20Martins%21%20Vi%20no%20site%20a%20carta%20de%20Ve%C3%ADculo%20%28ID%3A%209128%29%20com%20Cr%C3%A9dito%20de%20R%24%2052.970%2C32%20e%20Entrada%20de%20R%24%2025.960%2C00.%20Ainda%20est%C3%A1%20dispon%C3%ADvel%3F
8095;Veículo;R$ 52.802,69;R$ 25.600,00;82;R$ 725,07;HS;-;R$ 754,32;R$ 52,32;R$ 3.716,38;Reservada;https://wa.me/5517996482578?text=Ol%C3%A1%20Martins%21%20Vi%20no%20site%20a%20carta%20de%20Ve%C3%ADculo%20%28ID%3A%208095%29%20com%20Cr%C3%A9dito%20de%20R%24%2052.802%2C69%20e%20Entrada%20de%20R%24%2025.600%2C00.%20Ainda%20est%C3%A1%20dispon%C3%ADvel%3F
9202;Veículo;R$ 52.752,87;R$ 25.602,00;59;R$ 966,10;HS;-;R$ 753,61;R$ 50,16;R$ 6.841,27;Reservada;https://wa.me/5517996482578?text=Ol%C3%A1%20Martins%21%20Vi%20no%20site%20a%20carta%20de%20Ve%C3%ADculo%20%28ID%3A%209202%29%20com%20Cr%C3%A9dito%20de%20R%24%2052.752%2C87%20e%20Entrada%20de%20R%24%2025.602%2C00.%20Ainda%20est%C3%A1%20dispon%C3%ADvel%3F
9070;Veículo;R$ 52.692,08;R$ 24.440,00;57;R$ 1.046,01;HS;-;R$ 752,74;R$ 52,47;R$ 3.143,63;Reservada;https://wa.me/5517996482578?text=Ol%C3%A1%20Martins%21%20Vi%20no%20site%20a%20carta%20de%20Ve%C3%ADculo%20%28ID%3A%209070%29%20com%20Cr%C3%A9dito%20de%20R%24%2052.692%2C08%20e%20Entrada%20de%20R%24%2024.440%2C00.%20Ainda%20est%C3%A1%20dispon%C3%ADvel%3F
9265;Veículo;R$ 51.959,02;R$ 25.460,00;53;R$ 999,95;HS;-;R$ 742,27;R$ 46,64;R$ 9.596,69;Reservada;https://wa.me/5517996482578?text=Ol%C3%A1%20Martins%21%20Vi%20no%20site%20a%20carta%20de%20Ve%C3%ADculo%20%28ID%3A%209265%29%20com%20Cr%C3%A9dito%20de%20R%24%2051.959%2C02%20e%20Entrada%20de%20R%24%2025.460%2C00.%20Ainda%20est%C3%A1%20dispon%C3%ADvel%3F
9177;Veículo;R$ 51.654,90;R$ 25.530,00;56;R$ 977,93;HS;-;R$ 737,93;R$ 48,19;R$ 4.026,35;Reservada;https://wa.me/5517996482578?text=Ol%C3%A1%20Martins%21%20Vi%20no%20site%20a%20carta%20de%20Ve%C3%ADculo%20%28ID%3A%209177%29%20com%20Cr%C3%A9dito%20de%20R%24%2051.654%2C90%20e%20Entrada%20de%20R%24%2025.530%2C00.%20Ainda%20est%C3%A1%20dispon%C3%ADvel%3F
4085;Veículo;R$ 51.541,36;R$ 24.000,00;40;R$ 1.349,09;HS;-;R$ 736,31;R$ 47,49;R$ 8.734,91;Reservada;https://wa.me/5517996482578?text=Ol%C3%A1%20Martins%21%20Vi%20no%20site%20a%20carta%20de%20Ve%C3%ADculo%20%28ID%3A%204085%29%20com%20Cr%C3%A9dito%20de%20R%24%2051.541%2C36%20e%20Entrada%20de%20R%24%2024.000%2C00.%20Ainda%20est%C3%A1%20dispon%C3%ADvel%3F
9140;Veículo;R$ 50.833,08;R$ 24.460,00;41;R$ 1.447,67;HS;-;R$ 726,19;R$ 52,23;R$ 1.812,36;Reservada;https://wa.me/5517996482578?text=Ol%C3%A1%20Martins%21%20Vi%20no%20site%20a%20carta%20de%20Ve%C3%ADculo%20%28ID%3A%209140%29%20com%20Cr%C3%A9dito%20de%20R%24%2050.833%2C08%20e%20Entrada%20de%20R%24%2024.460%2C00.%20Ainda%20est%C3%A1%20dispon%C3%ADvel%3F
9180;Veículo;R$ 50.796,52;R$ 24.750,00;90;R$ 658,07;HS;-;R$ 725,66;R$ 52,12;R$ 2.485,56;Reservada;https://wa.me/5517996482578?text=Ol%C3%A1%20Martins%21%20Vi%20no%20site%20a%20carta%20de%20Ve%C3%ADculo%20%28ID%3A%209180%29%20com%20Cr%C3%A9dito%20de%20R%24%2050.796%2C52%20e%20Entrada%20de%20R%24%2024.750%2C00.%20Ainda%20est%C3%A1%20dispon%C3%ADvel%3F
9304;Veículo;R$ 50.000,00;R$ 24.500,00;98;R$ 585,90;HS;-;R$ 714,29;R$ 50,53;R$ 581,67;Reservada;https://wa.me/5517996482578?text=Ol%C3%A1%20Martins%21%20Vi%20no%20site%20a%20carta%20de%20Ve%C3%ADculo%20%28ID%3A%209304%29%20com%20Cr%C3%A9dito%20de%20R%24%2050.000%2C00%20e%20Entrada%20de%20R%24%2024.500%2C00.%20Ainda%20est%C3%A1%20dispon%C3%ADvel%3F
9361;Veículo;R$ 50.000,00;R$ 24.500,00;32;R$ 1.520,83;HS;-;R$ 714,29;R$ 42,83;R$ 6.083,47;Reservada;https://wa.me/5517996482578?text=Ol%C3%A1%20Martins%21%20Vi%20no%20site%20a%20carta%20de%20Ve%C3%ADculo%20%28ID%3A%209361%29%20com%20Cr%C3%A9dito%20de%20R%24%2050.000%2C00%20e%20Entrada%20de%20R%24%2024.500%2C00.%20Ainda%20est%C3%A1%20dispon%C3%ADvel%3F
9393;Veículo;R$ 49.983,15;R$ 24.491,74;42;R$ 1.287,36;HS;-;R$ 714,05;R$ 47,58;R$ 2.658,85;Reservada;https://wa.me/5517996482578?text=Ol%C3%A1%20Martins%21%20Vi%20no%20site%20a%20carta%20de%20Ve%C3%ADculo%20%28ID%3A%209393%29%20com%20Cr%C3%A9dito%20de%20R%24%2049.983%2C15%20e%20Entrada%20de%20R%24%2024.491%2C74.%20Ainda%20est%C3%A1%20dispon%C3%ADvel%3F
9474;Veículo;R$ 49.223,32;R$ 24.600,00;47;R$ 1.152,94;HS;-;R$ 703,19;R$ 47,69;R$ 5.985,33;Reservada;https://wa.me/5517996482578?text=Ol%C3%A1%20Martins%21%20Vi%20no%20site%20a%20carta%20de%20Ve%C3%ADculo%20%28ID%3A%209474%29%20com%20Cr%C3%A9dito%20de%20R%24%2049.223%2C32%20e%20Entrada%20de%20R%24%2024.600%2C00.%20Ainda%20est%C3%A1%20dispon%C3%ADvel%3F
9256;Veículo;R$ 49.149,49;R$ 24.085,00;41;R$ 986,17;HS;-;R$ 702,14;R$ 35,58;R$ 18.127,48;Reservada;https://wa.me/5517996482578?text=Ol%C3%A1%20Martins%21%20Vi%20no%20site%20a%20carta%20de%20Ve%C3%ADculo%20%28ID%3A%209256%29%20com%20Cr%C3%A9dito%20de%20R%24%2049.149%2C49%20e%20Entrada%20de%20R%24%2024.085%2C00.%20Ainda%20est%C3%A1%20dispon%C3%ADvel%3F
7092;Veículo;R$ 49.126,63;R$ 24.400,00;45;R$ 1.093,14;HS;-;R$ 701,81;R$ 43,29;R$ 6.435,84;Reservada;https://wa.me/5517996482578?text=Ol%C3%A1%20Martins%21%20Vi%20no%20site%20a%20carta%20de%20Ve%C3%ADculo%20%28ID%3A%207092%29%20com%20Cr%C3%A9dito%20de%20R%24%2049.126%2C63%20e%20Entrada%20de%20R%24%2024.400%2C00.%20Ainda%20est%C3%A1%20dispon%C3%ADvel%3F
9264;Veículo;R$ 49.084,59;R$ 24.052,00;54;R$ 789,05;HS;-;R$ 701,21;R$ 37,50;R$ 16.184,24;Reservada;https://wa.me/5517996482578?text=Ol%C3%A1%20Martins%21%20Vi%20no%20site%20a%20carta%20de%20Ve%C3%ADculo%20%28ID%3A%209264%29%20com%20Cr%C3%A9dito%20de%20R%24%2049.084%2C59%20e%20Entrada%20de%20R%24%2024.052%2C00.%20Ainda%20est%C3%A1%20dispon%C3%ADvel%3F
9374;Veículo;R$ 49.084,59;R$ 24.051,00;52;R$ 808,40;HS;-;R$ 701,21;R$ 36,99;R$ 16.791,68;Reservada;https://wa.me/5517996482578?text=Ol%C3%A1%20Martins%21%20Vi%20no%20site%20a%20carta%20de%20Ve%C3%ADculo%20%28ID%3A%209374%29%20com%20Cr%C3%A9dito%20de%20R%24%2049.084%2C59%20e%20Entrada%20de%20R%24%2024.051%2C00.%20Ainda%20est%C3%A1%20dispon%C3%ADvel%3F
9096;Veículo;R$ 49.008,33;R$ 24.740,00;38;R$ 1.366,49;HS;-;R$ 700,12;R$ 45,70;R$ 4.983,44;Reservada;https://wa.me/5517996482578?text=Ol%C3%A1%20Martins%21%20Vi%20no%20site%20a%20carta%20de%20Ve%C3%ADculo%20%28ID%3A%209096%29%20com%20Cr%C3%A9dito%20de%20R%24%2049.008%2C33%20e%20Entrada%20de%20R%24%2024.740%2C00.%20Ainda%20est%C3%A1%20dispon%C3%ADvel%3F
9098;Veículo;R$ 49.008,33;R$ 24.740,00;38;R$ 1.366,49;HS;-;R$ 700,12;R$ 45,70;R$ 4.983,44;Reservada;https://wa.me/5517996482578?text=Ol%C3%A1%20Martins%21%20Vi%20no%20site%20a%20carta%20de%20Ve%C3%ADculo%20%28ID%3A%209098%29%20com%20Cr%C3%A9dito%20de%20R%24%2049.008%2C33%20e%20Entrada%20de%20R%24%2024.740%2C00.%20Ainda%20est%C3%A1%20dispon%C3%ADvel%3F
9099;Veículo;R$ 49.008,33;R$ 24.740,00;38;R$ 1.366,49;HS;-;R$ 700,12;R$ 45,70;R$ 4.983,44;Reservada;https://wa.me/5517996482578?text=Ol%C3%A1%20Martins%21%20Vi%20no%20site%20a%20carta%20de%20Ve%C3%ADculo%20%28ID%3A%209099%29%20com%20Cr%C3%A9dito%20de%20R%24%2049.008%2C33%20e%20Entrada%20de%20R%24%2024.740%2C00.%20Ainda%20est%C3%A1%20dispon%C3%ADvel%3F
9040;Veículo;R$ 48.934,14;R$ 23.900,00;60;R$ 809,10;HS;-;R$ 699,06;R$ 42,72;R$ 9.730,72;Reservada;https://wa.me/5517996482578?text=Ol%C3%A1%20Martins%21%20Vi%20no%20site%20a%20carta%20de%20Ve%C3%ADculo%20%28ID%3A%209040%29%20com%20Cr%C3%A9dito%20de%20R%24%2048.934%2C14%20e%20Entrada%20de%20R%24%2023.900%2C00.%20Ainda%20est%C3%A1%20dispon%C3%ADvel%3F
9407;Veículo;R$ 48.847,47;R$ 23.900,00;37;R$ 956,77;HS;-;R$ 697,82;R$ 31,15;R$ 20.482,92;Reservada;https://wa.me/5517996482578?text=Ol%C3%A1%20Martins%21%20Vi%20no%20site%20a%20carta%20de%20Ve%C3%ADculo%20%28ID%3A%209407%29%20com%20Cr%C3%A9dito%20de%20R%24%2048.847%2C47%20e%20Entrada%20de%20R%24%2023.900%2C00.%20Ainda%20est%C3%A1%20dispon%C3%ADvel%3F
4084;Veículo;R$ 48.653,31;R$ 23.000,00;38;R$ 1.371,92;HS;-;R$ 695,05;R$ 45,88;R$ 8.734,91;Reservada;https://wa.me/5517996482578?text=Ol%C3%A1%20Martins%21%20Vi%20no%20site%20a%20carta%20de%20Ve%C3%ADculo%20%28ID%3A%204084%29%20com%20Cr%C3%A9dito%20de%20R%24%2048.653%2C31%20e%20Entrada%20de%20R%24%2023.000%2C00.%20Ainda%20est%C3%A1%20dispon%C3%ADvel%3F
9269;Veículo;R$ 48.369,59;R$ 23.702,00;61;R$ 806,52;HS;-;R$ 690,99;R$ 43,29;R$ 8.833,17;Reservada;https://wa.me/5517996482578?text=Ol%C3%A1%20Martins%21%20Vi%20no%20site%20a%20carta%20de%20Ve%C3%ADculo%20%28ID%3A%209269%29%20com%20Cr%C3%A9dito%20de%20R%24%2048.369%2C59%20e%20Entrada%20de%20R%24%2023.702%2C00.%20Ainda%20est%C3%A1%20dispon%C3%ADvel%3F
9095;Veículo;R$ 48.273,76;R$ 24.370,00;38;R$ 1.346,84;HS;-;R$ 689,63;R$ 45,04;R$ 4.983,44;Reservada;https://wa.me/5517996482578?text=Ol%C3%A1%20Martins%21%20Vi%20no%20site%20a%20carta%20de%20Ve%C3%ADculo%20%28ID%3A%209095%29%20com%20Cr%C3%A9dito%20de%20R%24%2048.273%2C76%20e%20Entrada%20de%20R%24%2024.370%2C00.%20Ainda%20est%C3%A1%20dispon%C3%ADvel%3F
9097;Veículo;R$ 48.273,76;R$ 24.370,00;38;R$ 1.346,84;HS;-;R$ 689,63;R$ 45,04;R$ 4.983,44;Reservada;https://wa.me/5517996482578?text=Ol%C3%A1%20Martins%21%20Vi%20no%20site%20a%20carta%20de%20Ve%C3%ADculo%20%28ID%3A%209097%29%20com%20Cr%C3%A9dito%20de%20R%24%2048.273%2C76%20e%20Entrada%20de%20R%24%2024.370%2C00.%20Ainda%20est%C3%A1%20dispon%C3%ADvel%3F
9039;Veículo;R$ 47.778,25;R$ 23.410,00;42;R$ 986,43;HS;-;R$ 682,55;R$ 36,46;R$ 13.286,93;Reservada;https://wa.me/5517996482578?text=Ol%C3%A1%20Martins%21%20Vi%20no%20site%20a%20carta%20de%20Ve%C3%ADculo%20%28ID%3A%209039%29%20com%20Cr%C3%A9dito%20de%20R%24%2047.778%2C25%20e%20Entrada%20de%20R%24%2023.410%2C00.%20Ainda%20est%C3%A1%20dispon%C3%ADvel%3F
9321;Veículo;R$ 47.349,20;R$ 23.201,00;68;R$ 687,51;HS;-;R$ 676,42;R$ 41,14;R$ 10.486,61;Reservada;https://wa.me/5517996482578?text=Ol%C3%A1%20Martins%21%20Vi%20no%20site%20a%20carta%20de%20Ve%C3%ADculo%20%28ID%3A%209321%29%20com%20Cr%C3%A9dito%20de%20R%24%2047.349%2C20%20e%20Entrada%20de%20R%24%2023.201%2C00.%20Ainda%20est%C3%A1%20dispon%C3%ADvel%3F
9460;Veículo;R$ 47.288,39;R$ 23.172,00;66;R$ 702,58;HS;-;R$ 675,55;R$ 40,81;R$ 10.898,96;Reservada;https://wa.me/5517996482578?text=Ol%C3%A1%20Martins%21%20Vi%20no%20site%20a%20carta%20de%20Ve%C3%ADculo%20%28ID%3A%209460%29%20com%20Cr%C3%A9dito%20de%20R%24%2047.288%2C39%20e%20Entrada%20de%20R%24%2023.172%2C00.%20Ainda%20est%C3%A1%20dispon%C3%ADvel%3F
9131;Veículo;R$ 46.939,84;R$ 23.000,00;48;R$ 838,12;HS;-;R$ 670,57;R$ 35,40;R$ 15.864,27;Reservada;https://wa.me/5517996482578?text=Ol%C3%A1%20Martins%21%20Vi%20no%20site%20a%20carta%20de%20Ve%C3%ADculo%20%28ID%3A%209131%29%20com%20Cr%C3%A9dito%20de%20R%24%2046.939%2C84%20e%20Entrada%20de%20R%24%2023.000%2C00.%20Ainda%20est%C3%A1%20dispon%C3%ADvel%3F
9089;Veículo;R$ 46.767,19;R$ 22.800,00;73;R$ 734,33;HS;-;R$ 668,10;R$ 47,17;R$ 3.166,77;Reservada;https://wa.me/5517996482578?text=Ol%C3%A1%20Martins%21%20Vi%20no%20site%20a%20carta%20de%20Ve%C3%ADculo%20%28ID%3A%209089%29%20com%20Cr%C3%A9dito%20de%20R%24%2046.767%2C19%20e%20Entrada%20de%20R%24%2022.800%2C00.%20Ainda%20est%C3%A1%20dispon%C3%ADvel%3F
9212;Veículo;R$ 46.762,86;R$ 22.750,00;55;R$ 901,83;HS;-;R$ 668,04;R$ 43,65;R$ 5.134,70;Reservada;https://wa.me/5517996482578?text=Ol%C3%A1%20Martins%21%20Vi%20no%20site%20a%20carta%20de%20Ve%C3%ADculo%20%28ID%3A%209212%29%20com%20Cr%C3%A9dito%20de%20R%24%2046.762%2C86%20e%20Entrada%20de%20R%24%2022.750%2C00.%20Ainda%20est%C3%A1%20dispon%C3%ADvel%3F
9390;Veículo;R$ 46.691,43;R$ 22.878,00;44;R$ 873,74;HS;-;R$ 667,02;R$ 33,83;R$ 14.857,38;Reservada;https://wa.me/5517996482578?text=Ol%C3%A1%20Martins%21%20Vi%20no%20site%20a%20carta%20de%20Ve%C3%ADculo%20%28ID%3A%209390%29%20com%20Cr%C3%A9dito%20de%20R%24%2046.691%2C43%20e%20Entrada%20de%20R%24%2022.878%2C00.%20Ainda%20est%C3%A1%20dispon%C3%ADvel%3F
9391;Veículo;R$ 46.691,43;R$ 22.878,00;44;R$ 873,74;HS;-;R$ 667,02;R$ 33,83;R$ 14.857,38;Reservada;https://wa.me/5517996482578?text=Ol%C3%A1%20Martins%21%20Vi%20no%20site%20a%20carta%20de%20Ve%C3%ADculo%20%28ID%3A%209391%29%20com%20Cr%C3%A9dito%20de%20R%24%2046.691%2C43%20e%20Entrada%20de%20R%24%2022.878%2C00.%20Ainda%20est%C3%A1%20dispon%C3%ADvel%3F
9392;Veículo;R$ 46.691,43;R$ 22.878,00;44;R$ 873,74;HS;-;R$ 667,02;R$ 33,83;R$ 14.857,38;Reservada;https://wa.me/5517996482578?text=Ol%C3%A1%20Martins%21%20Vi%20no%20site%20a%20carta%20de%20Ve%C3%ADculo%20%28ID%3A%209392%29%20com%20Cr%C3%A9dito%20de%20R%24%2046.691%2C43%20e%20Entrada%20de%20R%24%2022.878%2C00.%20Ainda%20est%C3%A1%20dispon%C3%ADvel%3F
9142;Veículo;R$ 46.640,27;R$ 22.860,00;40;R$ 938,36;HS;-;R$ 666,29;R$ 33,03;R$ 17.328,87;Reservada;https://wa.me/5517996482578?text=Ol%C3%A1%20Martins%21%20Vi%20no%20site%20a%20carta%20de%20Ve%C3%ADculo%20%28ID%3A%209142%29%20com%20Cr%C3%A9dito%20de%20R%24%2046.640%2C27%20e%20Entrada%20de%20R%24%2022.860%2C00.%20Ainda%20est%C3%A1%20dispon%C3%ADvel%3F
9278;Veículo;R$ 46.463,71;R$ 22.770,00;64;R$ 687,95;HS;-;R$ 663,77;R$ 38,75;R$ 12.301,98;Reservada;https://wa.me/5517996482578?text=Ol%C3%A1%20Martins%21%20Vi%20no%20site%20a%20carta%20de%20Ve%C3%ADculo%20%28ID%3A%209278%29%20com%20Cr%C3%A9dito%20de%20R%24%2046.463%2C71%20e%20Entrada%20de%20R%24%2022.770%2C00.%20Ainda%20est%C3%A1%20dispon%C3%ADvel%3F
8009;Veículo;R$ 46.261,94;R$ 22.700,00;38;R$ 1.280,87;HS;-;R$ 660,88;R$ 42,83;R$ 3.439,72;Reservada;https://wa.me/5517996482578?text=Ol%C3%A1%20Martins%21%20Vi%20no%20site%20a%20carta%20de%20Ve%C3%ADculo%20%28ID%3A%208009%29%20com%20Cr%C3%A9dito%20de%20R%24%2046.261%2C94%20e%20Entrada%20de%20R%24%2022.700%2C00.%20Ainda%20est%C3%A1%20dispon%C3%ADvel%3F
7031;Veículo;R$ 45.828,94;R$ 30.200,00;12;R$ 3.530,39;HS;-;R$ 654,70;R$ 37,28;R$ 4.876,90;Reservada;https://wa.me/5517996482578?text=Ol%C3%A1%20Martins%21%20Vi%20no%20site%20a%20carta%20de%20Ve%C3%ADculo%20%28ID%3A%207031%29%20com%20Cr%C3%A9dito%20de%20R%24%2045.828%2C94%20e%20Entrada%20de%20R%24%2030.200%2C00.%20Ainda%20est%C3%A1%20dispon%C3%ADvel%3F
9471;Veículo;R$ 45.331,00;R$ 22.212,00;61;R$ 718,92;HS;-;R$ 647,59;R$ 38,59;R$ 8.080,44;Reservada;https://wa.me/5517996482578?text=Ol%C3%A1%20Martins%21%20Vi%20no%20site%20a%20carta%20de%20Ve%C3%ADculo%20%28ID%3A%209471%29%20com%20Cr%C3%A9dito%20de%20R%24%2045.331%2C00%20e%20Entrada%20de%20R%24%2022.212%2C00.%20Ainda%20est%C3%A1%20dispon%C3%ADvel%3F
9137;Veículo;R$ 45.017,19;R$ 22.060,00;60;R$ 772,15;HS;-;R$ 643,10;R$ 40,77;R$ 8.189,85;Reservada;https://wa.me/5517996482578?text=Ol%C3%A1%20Martins%21%20Vi%20no%20site%20a%20carta%20de%20Ve%C3%ADculo%20%28ID%3A%209137%29%20com%20Cr%C3%A9dito%20de%20R%24%2045.017%2C19%20e%20Entrada%20de%20R%24%2022.060%2C00.%20Ainda%20est%C3%A1%20dispon%C3%ADvel%3F
8031;Veículo;R$ 44.811,59;R$ 21.000,00;53;R$ 864,51;HS;-;R$ 640,17;R$ 40,32;R$ 7.793,41;Reservada;https://wa.me/5517996482578?text=Ol%C3%A1%20Martins%21%20Vi%20no%20site%20a%20carta%20de%20Ve%C3%ADculo%20%28ID%3A%208031%29%20com%20Cr%C3%A9dito%20de%20R%24%2044.811%2C59%20e%20Entrada%20de%20R%24%2021.000%2C00.%20Ainda%20est%C3%A1%20dispon%C3%ADvel%3F
9379;Veículo;R$ 44.272,12;R$ 21.693,00;26;R$ 1.636,55;HS;-;R$ 632,46;R$ 37,44;R$ 9.346,97;Reservada;https://wa.me/5517996482578?text=Ol%C3%A1%20Martins%21%20Vi%20no%20site%20a%20carta%20de%20Ve%C3%ADculo%20%28ID%3A%209379%29%20com%20Cr%C3%A9dito%20de%20R%24%2044.272%2C12%20e%20Entrada%20de%20R%24%2021.693%2C00.%20Ainda%20est%C3%A1%20dispon%C3%ADvel%3F
7025;Veículo;R$ 43.676,77;R$ 21.000,00;36;R$ 1.261,79;HS;-;R$ 623,95;R$ 39,97;R$ 3.053,79;Reservada;https://wa.me/5517996482578?text=Ol%C3%A1%20Martins%21%20Vi%20no%20site%20a%20carta%20de%20Ve%C3%ADculo%20%28ID%3A%207025%29%20com%20Cr%C3%A9dito%20de%20R%24%2043.676%2C77%20e%20Entrada%20de%20R%24%2021.000%2C00.%20Ainda%20est%C3%A1%20dispon%C3%ADvel%3F
9415;Veículo;R$ 43.554,56;R$ 21.342,00;62;R$ 766,95;HS;-;R$ 622,21;R$ 41,84;R$ 7.152,26;Reservada;https://wa.me/5517996482578?text=Ol%C3%A1%20Martins%21%20Vi%20no%20site%20a%20carta%20de%20Ve%C3%ADculo%20%28ID%3A%209415%29%20com%20Cr%C3%A9dito%20de%20R%24%2043.554%2C56%20e%20Entrada%20de%20R%24%2021.342%2C00.%20Ainda%20est%C3%A1%20dispon%C3%ADvel%3F
5088;Veículo;R$ 43.382,44;R$ 25.900,00;37;R$ 1.226,03;HS;-;R$ 619,75;R$ 39,92;R$ 6.976,73;Reservada;https://wa.me/5517996482578?text=Ol%C3%A1%20Martins%21%20Vi%20no%20site%20a%20carta%20de%20Ve%C3%ADculo%20%28ID%3A%205088%29%20com%20Cr%C3%A9dito%20de%20R%24%2043.382%2C44%20e%20Entrada%20de%20R%24%2025.900%2C00.%20Ainda%20est%C3%A1%20dispon%C3%ADvel%3F
9081;Veículo;R$ 43.274,79;R$ 21.210,00;36;R$ 881,35;HS;-;R$ 618,21;R$ 27,92;R$ 18.466,00;Reservada;https://wa.me/5517996482578?text=Ol%C3%A1%20Martins%21%20Vi%20no%20site%20a%20carta%20de%20Ve%C3%ADculo%20%28ID%3A%209081%29%20com%20Cr%C3%A9dito%20de%20R%24%2043.274%2C79%20e%20Entrada%20de%20R%24%2021.210%2C00.%20Ainda%20est%C3%A1%20dispon%C3%ADvel%3F
9102;Veículo;R$ 43.215,17;R$ 22.260,00;36;R$ 1.297,94;HS;-;R$ 617,36;R$ 41,12;R$ 5.830,76;Reservada;https://wa.me/5517996482578?text=Ol%C3%A1%20Martins%21%20Vi%20no%20site%20a%20carta%20de%20Ve%C3%ADculo%20%28ID%3A%209102%29%20com%20Cr%C3%A9dito%20de%20R%24%2043.215%2C17%20e%20Entrada%20de%20R%24%2022.260%2C00.%20Ainda%20est%C3%A1%20dispon%C3%ADvel%3F
9143;Veículo;R$ 43.199,80;R$ 21.070,00;95;R$ 538,48;HS;-;R$ 617,14;R$ 45,02;R$ 1.044,01;Reservada;https://wa.me/5517996482578?text=Ol%C3%A1%20Martins%21%20Vi%20no%20site%20a%20carta%20de%20Ve%C3%ADculo%20%28ID%3A%209143%29%20com%20Cr%C3%A9dito%20de%20R%24%2043.199%2C80%20e%20Entrada%20de%20R%24%2021.070%2C00.%20Ainda%20est%C3%A1%20dispon%C3%ADvel%3F
5050;Veículo;R$ 43.105,35;R$ 21.600,00;38;R$ 1.192,78;HS;-;R$ 615,79;R$ 39,89;R$ 5.321,55;Reservada;https://wa.me/5517996482578?text=Ol%C3%A1%20Martins%21%20Vi%20no%20site%20a%20carta%20de%20Ve%C3%ADculo%20%28ID%3A%205050%29%20com%20Cr%C3%A9dito%20de%20R%24%2043.105%2C35%20e%20Entrada%20de%20R%24%2021.600%2C00.%20Ainda%20est%C3%A1%20dispon%C3%ADvel%3F
6038;Veículo;R$ 43.077,35;R$ 21.500,00;36;R$ 1.243,54;HS;-;R$ 615,39;R$ 39,40;R$ 2.667,86;Reservada;https://wa.me/5517996482578?text=Ol%C3%A1%20Martins%21%20Vi%20no%20site%20a%20carta%20de%20Ve%C3%ADculo%20%28ID%3A%206038%29%20com%20Cr%C3%A9dito%20de%20R%24%2043.077%2C35%20e%20Entrada%20de%20R%24%2021.500%2C00.%20Ainda%20est%C3%A1%20dispon%C3%ADvel%3F
9162;Veículo;R$ 43.054,12;R$ 20.950,00;23;R$ 1.409,48;HS;-;R$ 615,06;R$ 28,53;R$ 18.203,73;Reservada;https://wa.me/5517996482578?text=Ol%C3%A1%20Martins%21%20Vi%20no%20site%20a%20carta%20de%20Ve%C3%ADculo%20%28ID%3A%209162%29%20com%20Cr%C3%A9dito%20de%20R%24%2043.054%2C12%20e%20Entrada%20de%20R%24%2020.950%2C00.%20Ainda%20est%C3%A1%20dispon%C3%ADvel%3F
9174;Veículo;R$ 43.011,09;R$ 20.874,00;90;R$ 576,13;HS;-;R$ 614,44;R$ 45,63;R$ 348,00;Reservada;https://wa.me/5517996482578?text=Ol%C3%A1%20Martins%21%20Vi%20no%20site%20a%20carta%20de%20Ve%C3%ADculo%20%28ID%3A%209174%29%20com%20Cr%C3%A9dito%20de%20R%24%2043.011%2C09%20e%20Entrada%20de%20R%24%2020.874%2C00.%20Ainda%20est%C3%A1%20dispon%C3%ADvel%3F
9041;Veículo;R$ 42.880,63;R$ 20.980,00;70;R$ 618,18;HS;-;R$ 612,58;R$ 38,08;R$ 8.542,73;Reservada;https://wa.me/5517996482578?text=Ol%C3%A1%20Martins%21%20Vi%20no%20site%20a%20carta%20de%20Ve%C3%ADculo%20%28ID%3A%209041%29%20com%20Cr%C3%A9dito%20de%20R%24%2042.880%2C63%20e%20Entrada%20de%20R%24%2020.980%2C00.%20Ainda%20est%C3%A1%20dispon%C3%ADvel%3F
9037;Veículo;R$ 42.745,47;R$ 21.190,00;54;R$ 660,87;HS;-;R$ 610,65;R$ 31,40;R$ 12.954,92;Reservada;https://wa.me/5517996482578?text=Ol%C3%A1%20Martins%21%20Vi%20no%20site%20a%20carta%20de%20Ve%C3%ADculo%20%28ID%3A%209037%29%20com%20Cr%C3%A9dito%20de%20R%24%2042.745%2C47%20e%20Entrada%20de%20R%24%2021.190%2C00.%20Ainda%20est%C3%A1%20dispon%C3%ADvel%3F
9176;Veículo;R$ 42.537,77;R$ 20.850,00;36;R$ 849,42;HS;-;R$ 607,68;R$ 26,91;R$ 18.735,11;Reservada;https://wa.me/5517996482578?text=Ol%C3%A1%20Martins%21%20Vi%20no%20site%20a%20carta%20de%20Ve%C3%ADculo%20%28ID%3A%209176%29%20com%20Cr%C3%A9dito%20de%20R%24%2042.537%2C77%20e%20Entrada%20de%20R%24%2020.850%2C00.%20Ainda%20est%C3%A1%20dispon%C3%ADvel%3F
9387;Veículo;R$ 42.167,11;R$ 20.661,00;46;R$ 883,26;HS;-;R$ 602,39;R$ 35,75;R$ 10.224,59;Reservada;https://wa.me/5517996482578?text=Ol%C3%A1%20Martins%21%20Vi%20no%20site%20a%20carta%20de%20Ve%C3%ADculo%20%28ID%3A%209387%29%20com%20Cr%C3%A9dito%20de%20R%24%2042.167%2C11%20e%20Entrada%20de%20R%24%2020.661%2C00.%20Ainda%20est%C3%A1%20dispon%C3%ADvel%3F
8083;Veículo;R$ 41.964,55;R$ 19.500,00;57;R$ 843,13;HS;-;R$ 599,49;R$ 42,29;R$ 2.920,67;Reservada;https://wa.me/5517996482578?text=Ol%C3%A1%20Martins%21%20Vi%20no%20site%20a%20carta%20de%20Ve%C3%ADculo%20%28ID%3A%208083%29%20com%20Cr%C3%A9dito%20de%20R%24%2041.964%2C55%20e%20Entrada%20de%20R%24%2019.500%2C00.%20Ainda%20est%C3%A1%20dispon%C3%ADvel%3F
9091;Veículo;R$ 41.749,92;R$ 20.780,00;46;R$ 891,68;HS;-;R$ 596,43;R$ 36,10;R$ 6.071,43;Reservada;https://wa.me/5517996482578?text=Ol%C3%A1%20Martins%21%20Vi%20no%20site%20a%20carta%20de%20Ve%C3%ADculo%20%28ID%3A%209091%29%20com%20Cr%C3%A9dito%20de%20R%24%2041.749%2C92%20e%20Entrada%20de%20R%24%2020.780%2C00.%20Ainda%20est%C3%A1%20dispon%C3%ADvel%3F
9186;Veículo;R$ 41.582,49;R$ 20.180,00;33;R$ 1.183,06;HS;-;R$ 594,04;R$ 34,36;R$ 10.993,49;Reservada;https://wa.me/5517996482578?text=Ol%C3%A1%20Martins%21%20Vi%20no%20site%20a%20carta%20de%20Ve%C3%ADculo%20%28ID%3A%209186%29%20com%20Cr%C3%A9dito%20de%20R%24%2041.582%2C49%20e%20Entrada%20de%20R%24%2020.180%2C00.%20Ainda%20est%C3%A1%20dispon%C3%ADvel%3F
9127;Veículo;R$ 41.476,73;R$ 20.930,00;29;R$ 1.412,77;HS;-;R$ 592,52;R$ 36,05;R$ 9.707,21;Reservada;https://wa.me/5517996482578?text=Ol%C3%A1%20Martins%21%20Vi%20no%20site%20a%20carta%20de%20Ve%C3%ADculo%20%28ID%3A%209127%29%20com%20Cr%C3%A9dito%20de%20R%24%2041.476%2C73%20e%20Entrada%20de%20R%24%2020.930%2C00.%20Ainda%20est%C3%A1%20dispon%C3%ADvel%3F
9148;Veículo;R$ 41.446,88;R$ 20.310,00;51;R$ 685,87;HS;-;R$ 592,10;R$ 30,78;R$ 14.627,03;Reservada;https://wa.me/5517996482578?text=Ol%C3%A1%20Martins%21%20Vi%20no%20site%20a%20carta%20de%20Ve%C3%ADculo%20%28ID%3A%209148%29%20com%20Cr%C3%A9dito%20de%20R%24%2041.446%2C88%20e%20Entrada%20de%20R%24%2020.310%2C00.%20Ainda%20est%C3%A1%20dispon%C3%ADvel%3F
9380;Veículo;R$ 41.346,13;R$ 20.260,00;79;R$ 567,90;HS;-;R$ 590,66;R$ 39,48;R$ 5.502,95;Reservada;https://wa.me/5517996482578?text=Ol%C3%A1%20Martins%21%20Vi%20no%20site%20a%20carta%20de%20Ve%C3%ADculo%20%28ID%3A%209380%29%20com%20Cr%C3%A9dito%20de%20R%24%2041.346%2C13%20e%20Entrada%20de%20R%24%2020.260%2C00.%20Ainda%20est%C3%A1%20dispon%C3%ADvel%3F
9119;Veículo;R$ 41.344,74;R$ 20.260,00;74;R$ 574,81;HS;-;R$ 590,64;R$ 37,43;R$ 7.815,73;Reservada;https://wa.me/5517996482578?text=Ol%C3%A1%20Martins%21%20Vi%20no%20site%20a%20carta%20de%20Ve%C3%ADculo%20%28ID%3A%209119%29%20com%20Cr%C3%A9dito%20de%20R%24%2041.344%2C74%20e%20Entrada%20de%20R%24%2020.260%2C00.%20Ainda%20est%C3%A1%20dispon%C3%ADvel%3F
9132;Veículo;R$ 41.073,02;R$ 20.130,00;79;R$ 560,61;HS;-;R$ 586,76;R$ 38,97;R$ 5.842,20;Reservada;https://wa.me/5517996482578?text=Ol%C3%A1%20Martins%21%20Vi%20no%20site%20a%20carta%20de%20Ve%C3%ADculo%20%28ID%3A%209132%29%20com%20Cr%C3%A9dito%20de%20R%24%2041.073%2C02%20e%20Entrada%20de%20R%24%2020.130%2C00.%20Ainda%20est%C3%A1%20dispon%C3%ADvel%3F
9417;Veículo;R$ 40.937,31;R$ 19.931,00;54;R$ 809,01;HS;-;R$ 584,82;R$ 38,44;R$ 9.792,91;Disponível;https://wa.me/5517996482578?text=Ol%C3%A1%20Martins%21%20Vi%20no%20site%20a%20carta%20de%20Ve%C3%ADculo%20%28ID%3A%209417%29%20com%20Cr%C3%A9dito%20de%20R%24%2040.937%2C31%20e%20Entrada%20de%20R%24%2019.931%2C00.%20Ainda%20est%C3%A1%20dispon%C3%ADvel%3F
9306;Veículo;R$ 40.924,71;R$ 20.054,00;56;R$ 646,13;HS;-;R$ 584,64;R$ 31,84;R$ 12.856,58;Reservada;https://wa.me/5517996482578?text=Ol%C3%A1%20Martins%21%20Vi%20no%20site%20a%20carta%20de%20Ve%C3%ADculo%20%28ID%3A%209306%29%20com%20Cr%C3%A9dito%20de%20R%24%2040.924%2C71%20e%20Entrada%20de%20R%24%2020.054%2C00.%20Ainda%20est%C3%A1%20dispon%C3%ADvel%3F
9136;Veículo;R$ 40.246,29;R$ 19.720,00;57;R$ 654,44;HS;-;R$ 574,95;R$ 32,83;R$ 11.156,08;Reservada;https://wa.me/5517996482578?text=Ol%C3%A1%20Martins%21%20Vi%20no%20site%20a%20carta%20de%20Ve%C3%ADculo%20%28ID%3A%209136%29%20com%20Cr%C3%A9dito%20de%20R%24%2040.246%2C29%20e%20Entrada%20de%20R%24%2019.720%2C00.%20Ainda%20est%C3%A1%20dispon%C3%ADvel%3F
9352;Veículo;R$ 40.215,02;R$ 19.705,00;59;R$ 634,76;HS;-;R$ 574,50;R$ 32,96;R$ 10.942,04;Reservada;https://wa.me/5517996482578?text=Ol%C3%A1%20Martins%21%20Vi%20no%20site%20a%20carta%20de%20Ve%C3%ADculo%20%28ID%3A%209352%29%20com%20Cr%C3%A9dito%20de%20R%24%2040.215%2C02%20e%20Entrada%20de%20R%24%2019.705%2C00.%20Ainda%20est%C3%A1%20dispon%C3%ADvel%3F
9441;Veículo;R$ 40.046,90;R$ 19.622,00;56;R$ 663,58;HS;-;R$ 572,10;R$ 32,70;R$ 11.133,84;Reservada;https://wa.me/5517996482578?text=Ol%C3%A1%20Martins%21%20Vi%20no%20site%20a%20carta%20de%20Ve%C3%ADculo%20%28ID%3A%209441%29%20com%20Cr%C3%A9dito%20de%20R%24%2040.046%2C90%20e%20Entrada%20de%20R%24%2019.622%2C00.%20Ainda%20est%C3%A1%20dispon%C3%ADvel%3F
9324;Veículo;R$ 40.026,28;R$ 20.078,00;41;R$ 1.001,14;HS;-;R$ 571,80;R$ 36,12;R$ 7.628,82;Reservada;https://wa.me/5517996482578?text=Ol%C3%A1%20Martins%21%20Vi%20no%20site%20a%20carta%20de%20Ve%C3%ADculo%20%28ID%3A%209324%29%20com%20Cr%C3%A9dito%20de%20R%24%2040.026%2C28%20e%20Entrada%20de%20R%24%2020.078%2C00.%20Ainda%20est%C3%A1%20dispon%C3%ADvel%3F
6029;Veículo;R$ 39.909,50;R$ 19.600,00;73;R$ 548,95;HS;-;R$ 570,14;R$ 35,26;R$ 7.432,86;Reservada;https://wa.me/5517996482578?text=Ol%C3%A1%20Martins%21%20Vi%20no%20site%20a%20carta%20de%20Ve%C3%ADculo%20%28ID%3A%206029%29%20com%20Cr%C3%A9dito%20de%20R%24%2039.909%2C50%20e%20Entrada%20de%20R%24%2019.600%2C00.%20Ainda%20est%C3%A1%20dispon%C3%ADvel%3F
9020;Veículo;R$ 39.699,14;R$ 19.620,00;94;R$ 476,21;HS;-;R$ 567,13;R$ 39,39;R$ 1.159,98;Reservada;https://wa.me/5517996482578?text=Ol%C3%A1%20Martins%21%20Vi%20no%20site%20a%20carta%20de%20Ve%C3%ADculo%20%28ID%3A%209020%29%20com%20Cr%C3%A9dito%20de%20R%24%2039.699%2C14%20e%20Entrada%20de%20R%24%2019.620%2C00.%20Ainda%20est%C3%A1%20dispon%C3%ADvel%3F
9205;Veículo;R$ 39.286,27;R$ 20.930,00;23;R$ 1.628,03;HS;-;R$ 561,23;R$ 32,95;R$ 11.997,23;Reservada;https://wa.me/5517996482578?text=Ol%C3%A1%20Martins%21%20Vi%20no%20site%20a%20carta%20de%20Ve%C3%ADculo%20%28ID%3A%209205%29%20com%20Cr%C3%A9dito%20de%20R%24%2039.286%2C27%20e%20Entrada%20de%20R%24%2020.930%2C00.%20Ainda%20est%C3%A1%20dispon%C3%ADvel%3F
9368;Veículo;R$ 39.203,45;R$ 19.209,00;69;R$ 561,71;HS;-;R$ 560,05;R$ 34,11;R$ 8.680,75;Reservada;https://wa.me/5517996482578?text=Ol%C3%A1%20Martins%21%20Vi%20no%20site%20a%20carta%20de%20Ve%C3%ADculo%20%28ID%3A%209368%29%20com%20Cr%C3%A9dito%20de%20R%24%2039.203%2C45%20e%20Entrada%20de%20R%24%2019.209%2C00.%20Ainda%20est%C3%A1%20dispon%C3%ADvel%3F
9466;Veículo;R$ 39.087,47;R$ 19.152,00;62;R$ 606,75;HS;-;R$ 558,39;R$ 33,10;R$ 10.884,37;Reservada;https://wa.me/5517996482578?text=Ol%C3%A1%20Martins%21%20Vi%20no%20site%20a%20carta%20de%20Ve%C3%ADculo%20%28ID%3A%209466%29%20com%20Cr%C3%A9dito%20de%20R%24%2039.087%2C47%20e%20Entrada%20de%20R%24%2019.152%2C00.%20Ainda%20est%C3%A1%20dispon%C3%ADvel%3F
8084;Veículo;R$ 38.978,77;R$ 20.790,00;33;R$ 1.233,31;HS;-;R$ 556,84;R$ 35,82;R$ 5.523,50;Reservada;https://wa.me/5517996482578?text=Ol%C3%A1%20Martins%21%20Vi%20no%20site%20a%20carta%20de%20Ve%C3%ADculo%20%28ID%3A%208084%29%20com%20Cr%C3%A9dito%20de%20R%24%2038.978%2C77%20e%20Entrada%20de%20R%24%2020.790%2C00.%20Ainda%20est%C3%A1%20dispon%C3%ADvel%3F
9338;Veículo;R$ 38.719,76;R$ 18.972,00;62;R$ 595,23;HS;-;R$ 553,14;R$ 32,48;R$ 10.126,67;Reservada;https://wa.me/5517996482578?text=Ol%C3%A1%20Martins%21%20Vi%20no%20site%20a%20carta%20de%20Ve%C3%ADculo%20%28ID%3A%209338%29%20com%20Cr%C3%A9dito%20de%20R%24%2038.719%2C76%20e%20Entrada%20de%20R%24%2018.972%2C00.%20Ainda%20est%C3%A1%20dispon%C3%ADvel%3F
9467;Veículo;R$ 38.317,98;R$ 18.994,00;74;R$ 596,66;HS;-;R$ 547,40;R$ 38,85;R$ 1.143,85;Disponível;https://wa.me/5517996482578?text=Ol%C3%A1%20Martins%21%20Vi%20no%20site%20a%20carta%20de%20Ve%C3%ADculo%20%28ID%3A%209467%29%20com%20Cr%C3%A9dito%20de%20R%24%2038.317%2C98%20e%20Entrada%20de%20R%24%2018.994%2C00.%20Ainda%20est%C3%A1%20dispon%C3%ADvel%3F
9064;Veículo;R$ 38.261,04;R$ 18.590,00;82;R$ 525,18;HS;-;R$ 546,59;R$ 37,90;R$ 2.647,17;Reservada;https://wa.me/5517996482578?text=Ol%C3%A1%20Martins%21%20Vi%20no%20site%20a%20carta%20de%20Ve%C3%ADculo%20%28ID%3A%209064%29%20com%20Cr%C3%A9dito%20de%20R%24%2038.261%2C04%20e%20Entrada%20de%20R%24%2018.590%2C00.%20Ainda%20est%C3%A1%20dispon%C3%ADvel%3F
9036;Veículo;R$ 38.243,12;R$ 18.740,00;59;R$ 717,17;HS;-;R$ 546,33;R$ 37,24;R$ 1.950,19;Reservada;https://wa.me/5517996482578?text=Ol%C3%A1%20Martins%21%20Vi%20no%20site%20a%20carta%20de%20Ve%C3%ADculo%20%28ID%3A%209036%29%20com%20Cr%C3%A9dito%20de%20R%24%2038.243%2C12%20e%20Entrada%20de%20R%24%2018.740%2C00.%20Ainda%20est%C3%A1%20dispon%C3%ADvel%3F
3566;Veículo;R$ 38.072,84;R$ 23.900,00;31;R$ 1.386,08;HS;-;R$ 543,90;R$ 37,81;R$ 20.944,94;Reservada;https://wa.me/5517996482578?text=Ol%C3%A1%20Martins%21%20Vi%20no%20site%20a%20carta%20de%20Ve%C3%ADculo%20%28ID%3A%203566%29%20com%20Cr%C3%A9dito%20de%20R%24%2038.072%2C84%20e%20Entrada%20de%20R%24%2023.900%2C00.%20Ainda%20est%C3%A1%20dispon%C3%ADvel%3F
8073;Veículo;R$ 37.986,24;R$ 18.450,00;76;R$ 520,30;HS;-;R$ 542,66;R$ 34,80;R$ 5.733,24;Reservada;https://wa.me/5517996482578?text=Ol%C3%A1%20Martins%21%20Vi%20no%20site%20a%20carta%20de%20Ve%C3%ADculo%20%28ID%3A%208073%29%20com%20Cr%C3%A9dito%20de%20R%24%2037.986%2C24%20e%20Entrada%20de%20R%24%2018.450%2C00.%20Ainda%20est%C3%A1%20dispon%C3%ADvel%3F
9347;Veículo;R$ 37.949,16;R$ 18.595,00;74;R$ 527,60;HS;-;R$ 542,13;R$ 34,36;R$ 7.140,32;Reservada;https://wa.me/5517996482578?text=Ol%C3%A1%20Martins%21%20Vi%20no%20site%20a%20carta%20de%20Ve%C3%ADculo%20%28ID%3A%209347%29%20com%20Cr%C3%A9dito%20de%20R%24%2037.949%2C16%20e%20Entrada%20de%20R%24%2018.595%2C00.%20Ainda%20est%C3%A1%20dispon%C3%ADvel%3F
9175;Veículo;R$ 37.949,16;R$ 18.595,00;78;R$ 516,19;HS;-;R$ 542,13;R$ 35,43;R$ 5.920,23;Reservada;https://wa.me/5517996482578?text=Ol%C3%A1%20Martins%21%20Vi%20no%20site%20a%20carta%20de%20Ve%C3%ADculo%20%28ID%3A%209175%29%20com%20Cr%C3%A9dito%20de%20R%24%2037.949%2C16%20e%20Entrada%20de%20R%24%2018.595%2C00.%20Ainda%20est%C3%A1%20dispon%C3%ADvel%3F
9456;Veículo;R$ 37.803,21;R$ 18.445,00;85;R$ 498,46;HS;-;R$ 540,05;R$ 37,28;R$ 3.480,00;Disponível;https://wa.me/5517996482578?text=Ol%C3%A1%20Martins%21%20Vi%20no%20site%20a%20carta%20de%20Ve%C3%ADculo%20%28ID%3A%209456%29%20com%20Cr%C3%A9dito%20de%20R%24%2037.803%2C21%20e%20Entrada%20de%20R%24%2018.445%2C00.%20Ainda%20est%C3%A1%20dispon%C3%ADvel%3F
9275;Veículo;R$ 37.707,57;R$ 18.420,00;81;R$ 506,65;HS;-;R$ 538,68;R$ 36,11;R$ 4.735,33;Reservada;https://wa.me/5517996482578?text=Ol%C3%A1%20Martins%21%20Vi%20no%20site%20a%20carta%20de%20Ve%C3%ADculo%20%28ID%3A%209275%29%20com%20Cr%C3%A9dito%20de%20R%24%2037.707%2C57%20e%20Entrada%20de%20R%24%2018.420%2C00.%20Ainda%20est%C3%A1%20dispon%C3%ADvel%3F
9118;Veículo;R$ 37.120,39;R$ 18.190,00;32;R$ 996,22;HS;-;R$ 530,29;R$ 28,05;R$ 12.749,26;Reservada;https://wa.me/5517996482578?text=Ol%C3%A1%20Martins%21%20Vi%20no%20site%20a%20carta%20de%20Ve%C3%ADculo%20%28ID%3A%209118%29%20com%20Cr%C3%A9dito%20de%20R%24%2037.120%2C39%20e%20Entrada%20de%20R%24%2018.190%2C00.%20Ainda%20est%C3%A1%20dispon%C3%ADvel%3F
9052;Veículo;R$ 37.051,72;R$ 18.160,00;38;R$ 702,08;HS;-;R$ 529,31;R$ 23,48;R$ 21.777,32;Reservada;https://wa.me/5517996482578?text=Ol%C3%A1%20Martins%21%20Vi%20no%20site%20a%20carta%20de%20Ve%C3%ADculo%20%28ID%3A%209052%29%20com%20Cr%C3%A9dito%20de%20R%24%2037.051%2C72%20e%20Entrada%20de%20R%24%2018.160%2C00.%20Ainda%20est%C3%A1%20dispon%C3%ADvel%3F
7099;Veículo;R$ 36.647,49;R$ 18.700,00;74;R$ 550,80;HS;-;R$ 523,54;R$ 35,87;R$ 2.514,75;Reservada;https://wa.me/5517996482578?text=Ol%C3%A1%20Martins%21%20Vi%20no%20site%20a%20carta%20de%20Ve%C3%ADculo%20%28ID%3A%207099%29%20com%20Cr%C3%A9dito%20de%20R%24%2036.647%2C49%20e%20Entrada%20de%20R%24%2018.700%2C00.%20Ainda%20est%C3%A1%20dispon%C3%ADvel%3F
9489;Veículo;R$ 36.449,10;R$ 18.075,00;89;R$ 470,44;HS;-;R$ 520,70;R$ 36,84;R$ 1.740,00;Disponível;https://wa.me/5517996482578?text=Ol%C3%A1%20Martins%21%20Vi%20no%20site%20a%20carta%20de%20Ve%C3%ADculo%20%28ID%3A%209489%29%20com%20Cr%C3%A9dito%20de%20R%24%2036.449%2C10%20e%20Entrada%20de%20R%24%2018.075%2C00.%20Ainda%20est%C3%A1%20dispon%C3%ADvel%3F
9038;Veículo;R$ 36.098,76;R$ 18.030,00;87;R$ 465,08;HS;-;R$ 515,70;R$ 35,61;R$ 1.757,40;Reservada;https://wa.me/5517996482578?text=Ol%C3%A1%20Martins%21%20Vi%20no%20site%20a%20carta%20de%20Ve%C3%ADculo%20%28ID%3A%209038%29%20com%20Cr%C3%A9dito%20de%20R%24%2036.098%2C76%20e%20Entrada%20de%20R%24%2018.030%2C00.%20Ainda%20est%C3%A1%20dispon%C3%ADvel%3F
7086;Veículo;R$ 36.057,42;R$ 17.700,00;82;R$ 493,94;HS;-;R$ 515,11;R$ 35,64;R$ 3.190,00;Reservada;https://wa.me/5517996482578?text=Ol%C3%A1%20Martins%21%20Vi%20no%20site%20a%20carta%20de%20Ve%C3%ADculo%20%28ID%3A%207086%29%20com%20Cr%C3%A9dito%20de%20R%24%2036.057%2C42%20e%20Entrada%20de%20R%24%2017.700%2C00.%20Ainda%20est%C3%A1%20dispon%C3%ADvel%3F
8076;Veículo;R$ 35.969,34;R$ 17.400,00;94;R$ 456,59;HS;-;R$ 513,85;R$ 37,77;R$ 580,00;Reservada;https://wa.me/5517996482578?text=Ol%C3%A1%20Martins%21%20Vi%20no%20site%20a%20carta%20de%20Ve%C3%ADculo%20%28ID%3A%208076%29%20com%20Cr%C3%A9dito%20de%20R%24%2035.969%2C34%20e%20Entrada%20de%20R%24%2017.400%2C00.%20Ainda%20est%C3%A1%20dispon%C3%ADvel%3F
9048;Veículo;R$ 35.946,66;R$ 17.430,00;94;R$ 447,07;HS;-;R$ 513,52;R$ 36,98;R$ 580,33;Reservada;https://wa.me/5517996482578?text=Ol%C3%A1%20Martins%21%20Vi%20no%20site%20a%20carta%20de%20Ve%C3%ADculo%20%28ID%3A%209048%29%20com%20Cr%C3%A9dito%20de%20R%24%2035.946%2C66%20e%20Entrada%20de%20R%24%2017.430%2C00.%20Ainda%20est%C3%A1%20dispon%C3%ADvel%3F
9028;Veículo;R$ 35.792,98;R$ 17.400,00;91;R$ 452,15;HS;-;R$ 511,33;R$ 36,21;R$ 1.450,01;Reservada;https://wa.me/5517996482578?text=Ol%C3%A1%20Martins%21%20Vi%20no%20site%20a%20carta%20de%20Ve%C3%ADculo%20%28ID%3A%209028%29%20com%20Cr%C3%A9dito%20de%20R%24%2035.792%2C98%20e%20Entrada%20de%20R%24%2017.400%2C00.%20Ainda%20est%C3%A1%20dispon%C3%ADvel%3F
7083;Veículo;R$ 35.749,63;R$ 17.400,00;93;R$ 450,10;HS;-;R$ 510,71;R$ 36,84;R$ 290,00;Reservada;https://wa.me/5517996482578?text=Ol%C3%A1%20Martins%21%20Vi%20no%20site%20a%20carta%20de%20Ve%C3%ADculo%20%28ID%3A%207083%29%20com%20Cr%C3%A9dito%20de%20R%24%2035.749%2C63%20e%20Entrada%20de%20R%24%2017.400%2C00.%20Ainda%20est%C3%A1%20dispon%C3%ADvel%3F
9270;Veículo;R$ 35.718,58;R$ 17.396,00;94;R$ 453,41;HS;-;R$ 510,27;R$ 37,51;R$ 878,65;Reservada;https://wa.me/5517996482578?text=Ol%C3%A1%20Martins%21%20Vi%20no%20site%20a%20carta%20de%20Ve%C3%ADculo%20%28ID%3A%209270%29%20com%20Cr%C3%A9dito%20de%20R%24%2035.718%2C58%20e%20Entrada%20de%20R%24%2017.396%2C00.%20Ainda%20est%C3%A1%20dispon%C3%ADvel%3F
9065;Veículo;R$ 35.682,34;R$ 17.400,00;92;R$ 453,91;HS;-;R$ 509,75;R$ 36,75;R$ 1.739,99;Reservada;https://wa.me/5517996482578?text=Ol%C3%A1%20Martins%21%20Vi%20no%20site%20a%20carta%20de%20Ve%C3%ADculo%20%28ID%3A%209065%29%20com%20Cr%C3%A9dito%20de%20R%24%2035.682%2C34%20e%20Entrada%20de%20R%24%2017.400%2C00.%20Ainda%20est%C3%A1%20dispon%C3%ADvel%3F
9447;Veículo;R$ 35.648,54;R$ 17.468,00;50;R$ 703,85;HS;-;R$ 509,26;R$ 30,97;R$ 7.292,29;Reservada;https://wa.me/5517996482578?text=Ol%C3%A1%20Martins%21%20Vi%20no%20site%20a%20carta%20de%20Ve%C3%ADculo%20%28ID%3A%209447%29%20com%20Cr%C3%A9dito%20de%20R%24%2035.648%2C54%20e%20Entrada%20de%20R%24%2017.468%2C00.%20Ainda%20est%C3%A1%20dispon%C3%ADvel%3F
9345;Veículo;R$ 35.500,00;R$ 17.395,00;95;R$ 448,73;HS;-;R$ 507,14;R$ 37,51;R$ 869,99;Reservada;https://wa.me/5517996482578?text=Ol%C3%A1%20Martins%21%20Vi%20no%20site%20a%20carta%20de%20Ve%C3%ADculo%20%28ID%3A%209345%29%20com%20Cr%C3%A9dito%20de%20R%24%2035.500%2C00%20e%20Entrada%20de%20R%24%2017.395%2C00.%20Ainda%20est%C3%A1%20dispon%C3%ADvel%3F
9470;Veículo;R$ 35.483,10;R$ 17.326,00;26;R$ 1.453,77;HS;-;R$ 506,90;R$ 33,26;R$ 4.799,61;Disponível;https://wa.me/5517996482578?text=Ol%C3%A1%20Martins%21%20Vi%20no%20site%20a%20carta%20de%20Ve%C3%ADculo%20%28ID%3A%209470%29%20com%20Cr%C3%A9dito%20de%20R%24%2035.483%2C10%20e%20Entrada%20de%20R%24%2017.326%2C00.%20Ainda%20est%C3%A1%20dispon%C3%ADvel%3F
8014;Veículo;R$ 34.975,76;R$ 17.000,00;50;R$ 820,57;HS;-;R$ 499,65;R$ 36,11;R$ 1.491,76;Reservada;https://wa.me/5517996482578?text=Ol%C3%A1%20Martins%21%20Vi%20no%20site%20a%20carta%20de%20Ve%C3%ADculo%20%28ID%3A%208014%29%20com%20Cr%C3%A9dito%20de%20R%24%2034.975%2C76%20e%20Entrada%20de%20R%24%2017.000%2C00.%20Ainda%20est%C3%A1%20dispon%C3%ADvel%3F
9348;Veículo;R$ 34.920,55;R$ 17.111,00;66;R$ 540,27;HS;-;R$ 498,87;R$ 31,38;R$ 6.851,24;Reservada;https://wa.me/5517996482578?text=Ol%C3%A1%20Martins%21%20Vi%20no%20site%20a%20carta%20de%20Ve%C3%ADculo%20%28ID%3A%209348%29%20com%20Cr%C3%A9dito%20de%20R%24%2034.920%2C55%20e%20Entrada%20de%20R%24%2017.111%2C00.%20Ainda%20est%C3%A1%20dispon%C3%ADvel%3F
9465;Veículo;R$ 34.909,58;R$ 17.105,90;72;R$ 411,94;HS;-;R$ 498,71;R$ 26,10;R$ 8.539,11;Reservada;https://wa.me/5517996482578?text=Ol%C3%A1%20Martins%21%20Vi%20no%20site%20a%20carta%20de%20Ve%C3%ADculo%20%28ID%3A%209465%29%20com%20Cr%C3%A9dito%20de%20R%24%2034.909%2C58%20e%20Entrada%20de%20R%24%2017.105%2C90.%20Ainda%20est%C3%A1%20dispon%C3%ADvel%3F
9438;Veículo;R$ 34.022,88;R$ 16.600,00;85;R$ 448,48;HS;-;R$ 486,04;R$ 33,55;R$ 3.132,00;Disponível;https://wa.me/5517996482578?text=Ol%C3%A1%20Martins%21%20Vi%20no%20site%20a%20carta%20de%20Ve%C3%ADculo%20%28ID%3A%209438%29%20com%20Cr%C3%A9dito%20de%20R%24%2034.022%2C88%20e%20Entrada%20de%20R%24%2016.600%2C00.%20Ainda%20est%C3%A1%20dispon%C3%ADvel%3F
9481;Veículo;R$ 33.658,67;R$ 16.884,00;42;R$ 889,16;HS;-;R$ 480,84;R$ 32,86;R$ 3.875,34;Disponível;https://wa.me/5517996482578?text=Ol%C3%A1%20Martins%21%20Vi%20no%20site%20a%20carta%20de%20Ve%C3%ADculo%20%28ID%3A%209481%29%20com%20Cr%C3%A9dito%20de%20R%24%2033.658%2C67%20e%20Entrada%20de%20R%24%2016.884%2C00.%20Ainda%20est%C3%A1%20dispon%C3%ADvel%3F
9056;Veículo;R$ 33.636,04;R$ 16.490,00;35;R$ 862,46;HS;-;R$ 480,51;R$ 26,56;R$ 8.903,89;Reservada;https://wa.me/5517996482578?text=Ol%C3%A1%20Martins%21%20Vi%20no%20site%20a%20carta%20de%20Ve%C3%ADculo%20%28ID%3A%209056%29%20com%20Cr%C3%A9dito%20de%20R%24%2033.636%2C04%20e%20Entrada%20de%20R%24%2016.490%2C00.%20Ainda%20est%C3%A1%20dispon%C3%ADvel%3F
9080;Veículo;R$ 33.605,20;R$ 16.470,00;80;R$ 464,69;HS;-;R$ 480,07;R$ 32,71;R$ 3.889,72;Reservada;https://wa.me/5517996482578?text=Ol%C3%A1%20Martins%21%20Vi%20no%20site%20a%20carta%20de%20Ve%C3%ADculo%20%28ID%3A%209080%29%20com%20Cr%C3%A9dito%20de%20R%24%2033.605%2C20%20e%20Entrada%20de%20R%24%2016.470%2C00.%20Ainda%20est%C3%A1%20dispon%C3%ADvel%3F
9255;Veículo;R$ 32.854,26;R$ 16.100,00;56;R$ 518,91;HS;-;R$ 469,35;R$ 25,57;R$ 10.298,75;Reservada;https://wa.me/5517996482578?text=Ol%C3%A1%20Martins%21%20Vi%20no%20site%20a%20carta%20de%20Ve%C3%ADculo%20%28ID%3A%209255%29%20com%20Cr%C3%A9dito%20de%20R%24%2032.854%2C26%20e%20Entrada%20de%20R%24%2016.100%2C00.%20Ainda%20est%C3%A1%20dispon%C3%ADvel%3F
9409;Veículo;R$ 32.576,85;R$ 16.452,00;25;R$ 1.335,98;HS;-;R$ 465,38;R$ 29,39;R$ 6.354,01;Disponível;https://wa.me/5517996482578?text=Ol%C3%A1%20Martins%21%20Vi%20no%20site%20a%20carta%20de%20Ve%C3%ADculo%20%28ID%3A%209409%29%20com%20Cr%C3%A9dito%20de%20R%24%2032.576%2C85%20e%20Entrada%20de%20R%24%2016.452%2C00.%20Ainda%20est%C3%A1%20dispon%C3%ADvel%3F
9226;Veículo;R$ 32.484,95;R$ 15.915,00;89;R$ 419,35;HS;-;R$ 464,07;R$ 32,84;R$ 2.349,01;Reservada;https://wa.me/5517996482578?text=Ol%C3%A1%20Martins%21%20Vi%20no%20site%20a%20carta%20de%20Ve%C3%ADculo%20%28ID%3A%209226%29%20com%20Cr%C3%A9dito%20de%20R%24%2032.484%2C95%20e%20Entrada%20de%20R%24%2015.915%2C00.%20Ainda%20est%C3%A1%20dispon%C3%ADvel%3F
9147;Veículo;R$ 32.414,54;R$ 15.810,00;95;R$ 403,85;HS;-;R$ 463,06;R$ 33,76;R$ 783,52;Reservada;https://wa.me/5517996482578?text=Ol%C3%A1%20Martins%21%20Vi%20no%20site%20a%20carta%20de%20Ve%C3%ADculo%20%28ID%3A%209147%29%20com%20Cr%C3%A9dito%20de%20R%24%2032.414%2C54%20e%20Entrada%20de%20R%24%2015.810%2C00.%20Ainda%20est%C3%A1%20dispon%C3%ADvel%3F
9201;Veículo;R$ 32.358,75;R$ 15.790,00;59;R$ 569,73;HS;-;R$ 462,27;R$ 29,58;R$ 5.536,31;Reservada;https://wa.me/5517996482578?text=Ol%C3%A1%20Martins%21%20Vi%20no%20site%20a%20carta%20de%20Ve%C3%ADculo%20%28ID%3A%209201%29%20com%20Cr%C3%A9dito%20de%20R%24%2032.358%2C75%20e%20Entrada%20de%20R%24%2015.790%2C00.%20Ainda%20est%C3%A1%20dispon%C3%ADvel%3F
9199;Veículo;R$ 32.173,40;R$ 15.695,00;53;R$ 602,27;HS;-;R$ 459,62;R$ 28,09;R$ 7.024,09;Reservada;https://wa.me/5517996482578?text=Ol%C3%A1%20Martins%21%20Vi%20no%20site%20a%20carta%20de%20Ve%C3%ADculo%20%28ID%3A%209199%29%20com%20Cr%C3%A9dito%20de%20R%24%2032.173%2C40%20e%20Entrada%20de%20R%24%2015.695%2C00.%20Ainda%20est%C3%A1%20dispon%C3%ADvel%3F
9086;Veículo;R$ 32.168,81;R$ 15.690,00;49;R$ 547,95;HS;-;R$ 459,55;R$ 23,63;R$ 11.177,79;Reservada;https://wa.me/5517996482578?text=Ol%C3%A1%20Martins%21%20Vi%20no%20site%20a%20carta%20de%20Ve%C3%ADculo%20%28ID%3A%209086%29%20com%20Cr%C3%A9dito%20de%20R%24%2032.168%2C81%20e%20Entrada%20de%20R%24%2015.690%2C00.%20Ainda%20est%C3%A1%20dispon%C3%ADvel%3F
9484;Veículo;R$ 32.116,47;R$ 15.738,00;63;R$ 490,26;HS;-;R$ 458,81;R$ 27,18;R$ 8.454,32;Reservada;https://wa.me/5517996482578?text=Ol%C3%A1%20Martins%21%20Vi%20no%20site%20a%20carta%20de%20Ve%C3%ADculo%20%28ID%3A%209484%29%20com%20Cr%C3%A9dito%20de%20R%24%2032.116%2C47%20e%20Entrada%20de%20R%24%2015.738%2C00.%20Ainda%20est%C3%A1%20dispon%C3%ADvel%3F
9406;Veículo;R$ 32.105,68;R$ 15.694,00;95;R$ 409,35;HS;-;R$ 458,65;R$ 34,22;R$ 261,01;Reservada;https://wa.me/5517996482578?text=Ol%C3%A1%20Martins%21%20Vi%20no%20site%20a%20carta%20de%20Ve%C3%ADculo%20%28ID%3A%209406%29%20com%20Cr%C3%A9dito%20de%20R%24%2032.105%2C68%20e%20Entrada%20de%20R%24%2015.694%2C00.%20Ainda%20est%C3%A1%20dispon%C3%ADvel%3F
9479;Veículo;R$ 32.085,96;R$ 16.108,00;40;R$ 890,10;HS;-;R$ 458,37;R$ 31,33;R$ 3.717,98;Disponível;https://wa.me/5517996482578?text=Ol%C3%A1%20Martins%21%20Vi%20no%20site%20a%20carta%20de%20Ve%C3%ADculo%20%28ID%3A%209479%29%20com%20Cr%C3%A9dito%20de%20R%24%2032.085%2C96%20e%20Entrada%20de%20R%24%2016.108%2C00.%20Ainda%20est%C3%A1%20dispon%C3%ADvel%3F
9480;Veículo;R$ 32.085,96;R$ 16.115,00;40;R$ 890,10;HS;-;R$ 458,37;R$ 31,33;R$ 3.717,89;Disponível;https://wa.me/5517996482578?text=Ol%C3%A1%20Martins%21%20Vi%20no%20site%20a%20carta%20de%20Ve%C3%ADculo%20%28ID%3A%209480%29%20com%20Cr%C3%A9dito%20de%20R%24%2032.085%2C96%20e%20Entrada%20de%20R%24%2016.115%2C00.%20Ainda%20est%C3%A1%20dispon%C3%ADvel%3F
9103;Veículo;R$ 32.041,45;R$ 15.700,00;95;R$ 403,85;HS;-;R$ 457,74;R$ 33,76;R$ 783,52;Reservada;https://wa.me/5517996482578?text=Ol%C3%A1%20Martins%21%20Vi%20no%20site%20a%20carta%20de%20Ve%C3%ADculo%20%28ID%3A%209103%29%20com%20Cr%C3%A9dito%20de%20R%24%2032.041%2C45%20e%20Entrada%20de%20R%24%2015.700%2C00.%20Ainda%20est%C3%A1%20dispon%C3%ADvel%3F
9375;Veículo;R$ 31.950,00;R$ 15.655,00;95;R$ 406,61;HS;-;R$ 456,43;R$ 33,99;R$ 522,00;Reservada;https://wa.me/5517996482578?text=Ol%C3%A1%20Martins%21%20Vi%20no%20site%20a%20carta%20de%20Ve%C3%ADculo%20%28ID%3A%209375%29%20com%20Cr%C3%A9dito%20de%20R%24%2031.950%2C00%20e%20Entrada%20de%20R%24%2015.655%2C00.%20Ainda%20est%C3%A1%20dispon%C3%ADvel%3F
9193;Veículo;R$ 31.779,75;R$ 15.580,00;91;R$ 400,49;HS;-;R$ 454,00;R$ 32,07;R$ 591,60;Reservada;https://wa.me/5517996482578?text=Ol%C3%A1%20Martins%21%20Vi%20no%20site%20a%20carta%20de%20Ve%C3%ADculo%20%28ID%3A%209193%29%20com%20Cr%C3%A9dito%20de%20R%24%2031.779%2C75%20e%20Entrada%20de%20R%24%2015.580%2C00.%20Ainda%20est%C3%A1%20dispon%C3%ADvel%3F
4090;Veículo;R$ 31.221,07;R$ 16.750,00;23;R$ 1.348,39;HS;-;R$ 446,02;R$ 27,29;R$ 7.547,39;Reservada;https://wa.me/5517996482578?text=Ol%C3%A1%20Martins%21%20Vi%20no%20site%20a%20carta%20de%20Ve%C3%ADculo%20%28ID%3A%204090%29%20com%20Cr%C3%A9dito%20de%20R%24%2031.221%2C07%20e%20Entrada%20de%20R%24%2016.750%2C00.%20Ainda%20est%C3%A1%20dispon%C3%ADvel%3F
9120;Veículo;R$ 31.217,65;R$ 15.300,00;62;R$ 469,45;HS;-;R$ 445,97;R$ 25,61;R$ 8.685,28;Reservada;https://wa.me/5517996482578?text=Ol%C3%A1%20Martins%21%20Vi%20no%20site%20a%20carta%20de%20Ve%C3%ADculo%20%28ID%3A%209120%29%20com%20Cr%C3%A9dito%20de%20R%24%2031.217%2C65%20e%20Entrada%20de%20R%24%2015.300%2C00.%20Ainda%20est%C3%A1%20dispon%C3%ADvel%3F
9210;Veículo;R$ 30.932,62;R$ 15.160,00;47;R$ 661,56;HS;-;R$ 441,89;R$ 27,36;R$ 6.500,12;Reservada;https://wa.me/5517996482578?text=Ol%C3%A1%20Martins%21%20Vi%20no%20site%20a%20carta%20de%20Ve%C3%ADculo%20%28ID%3A%209210%29%20com%20Cr%C3%A9dito%20de%20R%24%2030.932%2C62%20e%20Entrada%20de%20R%24%2015.160%2C00.%20Ainda%20est%C3%A1%20dispon%C3%ADvel%3F
9184;Veículo;R$ 30.879,72;R$ 15.132,00;43;R$ 569,35;HS;-;R$ 441,14;R$ 21,54;R$ 11.936,77;Reservada;https://wa.me/5517996482578?text=Ol%C3%A1%20Martins%21%20Vi%20no%20site%20a%20carta%20de%20Ve%C3%ADculo%20%28ID%3A%209184%29%20com%20Cr%C3%A9dito%20de%20R%24%2030.879%2C72%20e%20Entrada%20de%20R%24%2015.132%2C00.%20Ainda%20est%C3%A1%20dispon%C3%ADvel%3F
9125;Veículo;R$ 30.764,63;R$ 14.880,00;76;R$ 459,23;HS;-;R$ 439,49;R$ 30,71;R$ 2.196,54;Reservada;https://wa.me/5517996482578?text=Ol%C3%A1%20Martins%21%20Vi%20no%20site%20a%20carta%20de%20Ve%C3%ADculo%20%28ID%3A%209125%29%20com%20Cr%C3%A9dito%20de%20R%24%2030.764%2C63%20e%20Entrada%20de%20R%24%2014.880%2C00.%20Ainda%20est%C3%A1%20dispon%C3%ADvel%3F
9476;Veículo;R$ 30.636,87;R$ 15.297,00;50;R$ 689,24;HS;-;R$ 437,67;R$ 30,33;R$ 2.975,98;Reservada;https://wa.me/5517996482578?text=Ol%C3%A1%20Martins%21%20Vi%20no%20site%20a%20carta%20de%20Ve%C3%ADculo%20%28ID%3A%209476%29%20com%20Cr%C3%A9dito%20de%20R%24%2030.636%2C87%20e%20Entrada%20de%20R%24%2015.297%2C00.%20Ainda%20est%C3%A1%20dispon%C3%ADvel%3F
9124;Veículo;R$ 30.585,41;R$ 15.150,00;55;R$ 633,87;HS;-;R$ 436,93;R$ 30,68;R$ 3.167,58;Reservada;https://wa.me/5517996482578?text=Ol%C3%A1%20Martins%21%20Vi%20no%20site%20a%20carta%20de%20Ve%C3%ADculo%20%28ID%3A%209124%29%20com%20Cr%C3%A9dito%20de%20R%24%2030.585%2C41%20e%20Entrada%20de%20R%24%2015.150%2C00.%20Ainda%20est%C3%A1%20dispon%C3%ADvel%3F
9078;Veículo;R$ 29.877,28;R$ 14.640,00;77;R$ 414,59;HS;-;R$ 426,82;R$ 28,09;R$ 4.552,62;Reservada;https://wa.me/5517996482578?text=Ol%C3%A1%20Martins%21%20Vi%20no%20site%20a%20carta%20de%20Ve%C3%ADculo%20%28ID%3A%209078%29%20com%20Cr%C3%A9dito%20de%20R%24%2029.877%2C28%20e%20Entrada%20de%20R%24%2014.640%2C00.%20Ainda%20est%C3%A1%20dispon%C3%ADvel%3F
9076;Veículo;R$ 29.871,29;R$ 14.640,00;80;R$ 402,63;HS;-;R$ 426,73;R$ 28,35;R$ 4.248,10;Reservada;https://wa.me/5517996482578?text=Ol%C3%A1%20Martins%21%20Vi%20no%20site%20a%20carta%20de%20Ve%C3%ADculo%20%28ID%3A%209076%29%20com%20Cr%C3%A9dito%20de%20R%24%2029.871%2C29%20e%20Entrada%20de%20R%24%2014.640%2C00.%20Ainda%20est%C3%A1%20dispon%C3%ADvel%3F
9071;Veículo;R$ 29.844,21;R$ 13.970,00;57;R$ 591,75;HS;-;R$ 426,35;R$ 29,68;R$ 2.123,04;Reservada;https://wa.me/5517996482578?text=Ol%C3%A1%20Martins%21%20Vi%20no%20site%20a%20carta%20de%20Ve%C3%ADculo%20%28ID%3A%209071%29%20com%20Cr%C3%A9dito%20de%20R%24%2029.844%2C21%20e%20Entrada%20de%20R%24%2013.970%2C00.%20Ainda%20est%C3%A1%20dispon%C3%ADvel%3F
9381;Veículo;R$ 29.742,44;R$ 14.573,79;42;R$ 561,54;HS;-;R$ 424,89;R$ 20,75;R$ 11.600,20;Reservada;https://wa.me/5517996482578?text=Ol%C3%A1%20Martins%21%20Vi%20no%20site%20a%20carta%20de%20Ve%C3%ADculo%20%28ID%3A%209381%29%20com%20Cr%C3%A9dito%20de%20R%24%2029.742%2C44%20e%20Entrada%20de%20R%24%2014.573%2C79.%20Ainda%20est%C3%A1%20dispon%C3%ADvel%3F
9478;Veículo;R$ 29.717,58;R$ 14.778,00;60;R$ 548,86;HS;-;R$ 424,54;R$ 28,98;R$ 3.339,76;Disponível;https://wa.me/5517996482578?text=Ol%C3%A1%20Martins%21%20Vi%20no%20site%20a%20carta%20de%20Ve%C3%ADculo%20%28ID%3A%209478%29%20com%20Cr%C3%A9dito%20de%20R%24%2029.717%2C58%20e%20Entrada%20de%20R%24%2014.778%2C00.%20Ainda%20est%C3%A1%20dispon%C3%ADvel%3F
9344;Veículo;R$ 29.690,87;R$ 14.549,00;51;R$ 613,38;HS;-;R$ 424,16;R$ 27,53;R$ 4.632,59;Reservada;https://wa.me/5517996482578?text=Ol%C3%A1%20Martins%21%20Vi%20no%20site%20a%20carta%20de%20Ve%C3%ADculo%20%28ID%3A%209344%29%20com%20Cr%C3%A9dito%20de%20R%24%2029.690%2C87%20e%20Entrada%20de%20R%24%2014.549%2C00.%20Ainda%20est%C3%A1%20dispon%C3%ADvel%3F
9182;Veículo;R$ 29.686,32;R$ 14.408,00;73;R$ 446,89;HS;-;R$ 424,09;R$ 28,71;R$ 3.162,99;Reservada;https://wa.me/5517996482578?text=Ol%C3%A1%20Martins%21%20Vi%20no%20site%20a%20carta%20de%20Ve%C3%ADculo%20%28ID%3A%209182%29%20com%20Cr%C3%A9dito%20de%20R%24%2029.686%2C32%20e%20Entrada%20de%20R%24%2014.408%2C00.%20Ainda%20est%C3%A1%20dispon%C3%ADvel%3F
9418;Veículo;R$ 29.470,47;R$ 14.440,00;42;R$ 602,09;HS;-;R$ 421,01;R$ 22,25;R$ 9.850,75;Reservada;https://wa.me/5517996482578?text=Ol%C3%A1%20Martins%21%20Vi%20no%20site%20a%20carta%20de%20Ve%C3%ADculo%20%28ID%3A%209418%29%20com%20Cr%C3%A9dito%20de%20R%24%2029.470%2C47%20e%20Entrada%20de%20R%24%2014.440%2C00.%20Ainda%20est%C3%A1%20dispon%C3%ADvel%3F
9154;Veículo;R$ 29.430,88;R$ 14.405,00;49;R$ 646,67;HS;-;R$ 420,44;R$ 27,88;R$ 3.729,30;Reservada;https://wa.me/5517996482578?text=Ol%C3%A1%20Martins%21%20Vi%20no%20site%20a%20carta%20de%20Ve%C3%ADculo%20%28ID%3A%209154%29%20com%20Cr%C3%A9dito%20de%20R%24%2029.430%2C88%20e%20Entrada%20de%20R%24%2014.405%2C00.%20Ainda%20est%C3%A1%20dispon%C3%ADvel%3F
9487;Veículo;R$ 29.344,88;R$ 14.380,00;44;R$ 523,77;HS;-;R$ 419,21;R$ 20,28;R$ 11.637,73;Reservada;https://wa.me/5517996482578?text=Ol%C3%A1%20Martins%21%20Vi%20no%20site%20a%20carta%20de%20Ve%C3%ADculo%20%28ID%3A%209487%29%20com%20Cr%C3%A9dito%20de%20R%24%2029.344%2C88%20e%20Entrada%20de%20R%24%2014.380%2C00.%20Ainda%20est%C3%A1%20dispon%C3%ADvel%3F
9482;Veículo;R$ 28.615,39;R$ 14.352,00;42;R$ 750,23;HS;-;R$ 408,79;R$ 27,73;R$ 3.522,77;Disponível;https://wa.me/5517996482578?text=Ol%C3%A1%20Martins%21%20Vi%20no%20site%20a%20carta%20de%20Ve%C3%ADculo%20%28ID%3A%209482%29%20com%20Cr%C3%A9dito%20de%20R%24%2028.615%2C39%20e%20Entrada%20de%20R%24%2014.352%2C00.%20Ainda%20est%C3%A1%20dispon%C3%ADvel%3F
9161;Veículo;R$ 28.541,80;R$ 14.072,00;56;R$ 537,96;HS;-;R$ 407,74;R$ 26,51;R$ 3.591,08;Reservada;https://wa.me/5517996482578?text=Ol%C3%A1%20Martins%21%20Vi%20no%20site%20a%20carta%20de%20Ve%C3%ADculo%20%28ID%3A%209161%29%20com%20Cr%C3%A9dito%20de%20R%24%2028.541%2C80%20e%20Entrada%20de%20R%24%2014.072%2C00.%20Ainda%20est%C3%A1%20dispon%C3%ADvel%3F
9141;Veículo;R$ 28.132,25;R$ 14.790,00;19;R$ 1.451,89;HS;-;R$ 401,89;R$ 24,28;R$ 3.504,00;Reservada;https://wa.me/5517996482578?text=Ol%C3%A1%20Martins%21%20Vi%20no%20site%20a%20carta%20de%20Ve%C3%ADculo%20%28ID%3A%209141%29%20com%20Cr%C3%A9dito%20de%20R%24%2028.132%2C25%20e%20Entrada%20de%20R%24%2014.790%2C00.%20Ainda%20est%C3%A1%20dispon%C3%ADvel%3F
9384;Veículo;R$ 27.804,43;R$ 13.625,00;59;R$ 427,85;HS;-;R$ 397,21;R$ 22,21;R$ 8.057,53;Reservada;https://wa.me/5517996482578?text=Ol%C3%A1%20Martins%21%20Vi%20no%20site%20a%20carta%20de%20Ve%C3%ADculo%20%28ID%3A%209384%29%20com%20Cr%C3%A9dito%20de%20R%24%2027.804%2C43%20e%20Entrada%20de%20R%24%2013.625%2C00.%20Ainda%20est%C3%A1%20dispon%C3%ADvel%3F
9314;Veículo;R$ 27.772,60;R$ 13.592,00;51;R$ 599,18;HS;-;R$ 396,75;R$ 26,89;R$ 2.154,46;Disponível;https://wa.me/5517996482578?text=Ol%C3%A1%20Martins%21%20Vi%20no%20site%20a%20carta%20de%20Ve%C3%ADculo%20%28ID%3A%209314%29%20com%20Cr%C3%A9dito%20de%20R%24%2027.772%2C60%20e%20Entrada%20de%20R%24%2013.592%2C00.%20Ainda%20est%C3%A1%20dispon%C3%ADvel%3F
9483;Veículo;R$ 27.586,95;R$ 13.470,00;62;R$ 492,36;HS;-;R$ 394,10;R$ 26,86;R$ 3.000,61;Disponível;https://wa.me/5517996482578?text=Ol%C3%A1%20Martins%21%20Vi%20no%20site%20a%20carta%20de%20Ve%C3%ADculo%20%28ID%3A%209483%29%20com%20Cr%C3%A9dito%20de%20R%24%2027.586%2C95%20e%20Entrada%20de%20R%24%2013.470%2C00.%20Ainda%20est%C3%A1%20dispon%C3%ADvel%3F
9351;Veículo;R$ 27.477,21;R$ 13.464,00;54;R$ 520,70;HS;-;R$ 392,53;R$ 24,74;R$ 5.227,22;Reservada;https://wa.me/5517996482578?text=Ol%C3%A1%20Martins%21%20Vi%20no%20site%20a%20carta%20de%20Ve%C3%ADculo%20%28ID%3A%209351%29%20com%20Cr%C3%A9dito%20de%20R%24%2027.477%2C21%20e%20Entrada%20de%20R%24%2013.464%2C00.%20Ainda%20est%C3%A1%20dispon%C3%ADvel%3F
9477;Veículo;R$ 27.401,45;R$ 13.641,00;55;R$ 547,21;HS;-;R$ 391,45;R$ 26,48;R$ 3.292,45;Disponível;https://wa.me/5517996482578?text=Ol%C3%A1%20Martins%21%20Vi%20no%20site%20a%20carta%20de%20Ve%C3%ADculo%20%28ID%3A%209477%29%20com%20Cr%C3%A9dito%20de%20R%24%2027.401%2C45%20e%20Entrada%20de%20R%24%2013.641%2C00.%20Ainda%20est%C3%A1%20dispon%C3%ADvel%3F
9197;Veículo;R$ 27.119,06;R$ 13.290,00;54;R$ 454,85;HS;-;R$ 387,42;R$ 21,61;R$ 8.179,87;Reservada;https://wa.me/5517996482578?text=Ol%C3%A1%20Martins%21%20Vi%20no%20site%20a%20carta%20de%20Ve%C3%ADculo%20%28ID%3A%209197%29%20com%20Cr%C3%A9dito%20de%20R%24%2027.119%2C06%20e%20Entrada%20de%20R%24%2013.290%2C00.%20Ainda%20est%C3%A1%20dispon%C3%ADvel%3F
9066;Veículo;R$ 26.953,22;R$ 13.140,00;72;R$ 383,30;HS;-;R$ 385,05;R$ 24,29;R$ 4.869,15;Reservada;https://wa.me/5517996482578?text=Ol%C3%A1%20Martins%21%20Vi%20no%20site%20a%20carta%20de%20Ve%C3%ADculo%20%28ID%3A%209066%29%20com%20Cr%C3%A9dito%20de%20R%24%2026.953%2C22%20e%20Entrada%20de%20R%24%2013.140%2C00.%20Ainda%20est%C3%A1%20dispon%C3%ADvel%3F
9023;Veículo;R$ 26.911,68;R$ 13.140,00;73;R$ 375,09;HS;-;R$ 384,45;R$ 24,10;R$ 5.048,02;Reservada;https://wa.me/5517996482578?text=Ol%C3%A1%20Martins%21%20Vi%20no%20site%20a%20carta%20de%20Ve%C3%ADculo%20%28ID%3A%209023%29%20com%20Cr%C3%A9dito%20de%20R%24%2026.911%2C68%20e%20Entrada%20de%20R%24%2013.140%2C00.%20Ainda%20est%C3%A1%20dispon%C3%ADvel%3F
9083;Veículo;R$ 26.897,05;R$ 13.120,00;69;R$ 448,87;HS;-;R$ 384,24;R$ 27,26;R$ 1.699,48;Reservada;https://wa.me/5517996482578?text=Ol%C3%A1%20Martins%21%20Vi%20no%20site%20a%20carta%20de%20Ve%C3%ADculo%20%28ID%3A%209083%29%20com%20Cr%C3%A9dito%20de%20R%24%2026.897%2C05%20e%20Entrada%20de%20R%24%2013.120%2C00.%20Ainda%20est%C3%A1%20dispon%C3%ADvel%3F
9277;Veículo;R$ 26.879,84;R$ 13.172,00;73;R$ 412,14;HS;-;R$ 384,00;R$ 26,48;R$ 2.652,98;Reservada;https://wa.me/5517996482578?text=Ol%C3%A1%20Martins%21%20Vi%20no%20site%20a%20carta%20de%20Ve%C3%ADculo%20%28ID%3A%209277%29%20com%20Cr%C3%A9dito%20de%20R%24%2026.879%2C84%20e%20Entrada%20de%20R%24%2013.172%2C00.%20Ainda%20est%C3%A1%20dispon%C3%ADvel%3F
9396;Veículo;R$ 26.793,91;R$ 13.129,00;64;R$ 417,28;HS;-;R$ 382,77;R$ 23,50;R$ 5.418,21;Reservada;https://wa.me/5517996482578?text=Ol%C3%A1%20Martins%21%20Vi%20no%20site%20a%20carta%20de%20Ve%C3%ADculo%20%28ID%3A%209396%29%20com%20Cr%C3%A9dito%20de%20R%24%2026.793%2C91%20e%20Entrada%20de%20R%24%2013.129%2C00.%20Ainda%20est%C3%A1%20dispon%C3%ADvel%3F
9111;Veículo;R$ 26.759,61;R$ 13.115,00;67;R$ 388,43;HS;-;R$ 382,28;R$ 22,90;R$ 6.325,96;Reservada;https://wa.me/5517996482578?text=Ol%C3%A1%20Martins%21%20Vi%20no%20site%20a%20carta%20de%20Ve%C3%ADculo%20%28ID%3A%209111%29%20com%20Cr%C3%A9dito%20de%20R%24%2026.759%2C61%20e%20Entrada%20de%20R%24%2013.115%2C00.%20Ainda%20est%C3%A1%20dispon%C3%ADvel%3F
9073;Veículo;R$ 26.757,98;R$ 13.300,00;59;R$ 498,42;HS;-;R$ 382,26;R$ 25,88;R$ 3.240,88;Reservada;https://wa.me/5517996482578?text=Ol%C3%A1%20Martins%21%20Vi%20no%20site%20a%20carta%20de%20Ve%C3%ADculo%20%28ID%3A%209073%29%20com%20Cr%C3%A9dito%20de%20R%24%2026.757%2C98%20e%20Entrada%20de%20R%24%2013.300%2C00.%20Ainda%20est%C3%A1%20dispon%C3%ADvel%3F
9281;Veículo;R$ 26.693,53;R$ 13.080,00;71;R$ 377,23;HS;-;R$ 381,34;R$ 23,57;R$ 5.474,39;Reservada;https://wa.me/5517996482578?text=Ol%C3%A1%20Martins%21%20Vi%20no%20site%20a%20carta%20de%20Ve%C3%ADculo%20%28ID%3A%209281%29%20com%20Cr%C3%A9dito%20de%20R%24%2026.693%2C53%20e%20Entrada%20de%20R%24%2013.080%2C00.%20Ainda%20est%C3%A1%20dispon%C3%ADvel%3F
9231;Veículo;R$ 26.670,63;R$ 13.290,00;54;R$ 563,90;HS;-;R$ 381,01;R$ 26,80;R$ 2.204,00;Reservada;https://wa.me/5517996482578?text=Ol%C3%A1%20Martins%21%20Vi%20no%20site%20a%20carta%20de%20Ve%C3%ADculo%20%28ID%3A%209231%29%20com%20Cr%C3%A9dito%20de%20R%24%2026.670%2C63%20e%20Entrada%20de%20R%24%2013.290%2C00.%20Ainda%20est%C3%A1%20dispon%C3%ADvel%3F
9084;Veículo;R$ 26.613,60;R$ 12.910,00;67;R$ 449,06;HS;-;R$ 380,19;R$ 26,48;R$ 1.699,48;Reservada;https://wa.me/5517996482578?text=Ol%C3%A1%20Martins%21%20Vi%20no%20site%20a%20carta%20de%20Ve%C3%ADculo%20%28ID%3A%209084%29%20com%20Cr%C3%A9dito%20de%20R%24%2026.613%2C60%20e%20Entrada%20de%20R%24%2012.910%2C00.%20Ainda%20est%C3%A1%20dispon%C3%ADvel%3F
9254;Veículo;R$ 25.784,69;R$ 12.635,00;79;R$ 364,71;HS;-;R$ 368,35;R$ 25,35;R$ 2.629,09;Reservada;https://wa.me/5517996482578?text=Ol%C3%A1%20Martins%21%20Vi%20no%20site%20a%20carta%20de%20Ve%C3%ADculo%20%28ID%3A%209254%29%20com%20Cr%C3%A9dito%20de%20R%24%2025.784%2C69%20e%20Entrada%20de%20R%24%2012.635%2C00.%20Ainda%20est%C3%A1%20dispon%C3%ADvel%3F
9342;Veículo;R$ 25.784,69;R$ 12.634,00;77;R$ 352,60;HS;-;R$ 368,35;R$ 23,89;R$ 4.230,54;Reservada;https://wa.me/5517996482578?text=Ol%C3%A1%20Martins%21%20Vi%20no%20site%20a%20carta%20de%20Ve%C3%ADculo%20%28ID%3A%209342%29%20com%20Cr%C3%A9dito%20de%20R%24%2025.784%2C69%20e%20Entrada%20de%20R%24%2012.634%2C00.%20Ainda%20est%C3%A1%20dispon%C3%ADvel%3F
9188;Veículo;R$ 25.784,69;R$ 12.640,00;81;R$ 345,42;HS;-;R$ 368,35;R$ 24,62;R$ 3.401,52;Reservada;https://wa.me/5517996482578?text=Ol%C3%A1%20Martins%21%20Vi%20no%20site%20a%20carta%20de%20Ve%C3%ADculo%20%28ID%3A%209188%29%20com%20Cr%C3%A9dito%20de%20R%24%2025.784%2C69%20e%20Entrada%20de%20R%24%2012.640%2C00.%20Ainda%20est%C3%A1%20dispon%C3%ADvel%3F
9050;Veículo;R$ 25.290,67;R$ 12.450,00;73;R$ 363,00;HS;-;R$ 361,30;R$ 23,32;R$ 4.420,56;Reservada;https://wa.me/5517996482578?text=Ol%C3%A1%20Martins%21%20Vi%20no%20site%20a%20carta%20de%20Ve%C3%ADculo%20%28ID%3A%209050%29%20com%20Cr%C3%A9dito%20de%20R%24%2025.290%2C67%20e%20Entrada%20de%20R%24%2012.450%2C00.%20Ainda%20est%C3%A1%20dispon%C3%ADvel%3F
9272;Veículo;R$ 25.148,55;R$ 12.324,00;81;R$ 366,03;HS;-;R$ 359,27;R$ 26,09;R$ 1.157,70;Reservada;https://wa.me/5517996482578?text=Ol%C3%A1%20Martins%21%20Vi%20no%20site%20a%20carta%20de%20Ve%C3%ADculo%20%28ID%3A%209272%29%20com%20Cr%C3%A9dito%20de%20R%24%2025.148%2C55%20e%20Entrada%20de%20R%24%2012.324%2C00.%20Ainda%20est%C3%A1%20dispon%C3%ADvel%3F
9355;Veículo;R$ 25.148,55;R$ 12.322,00;79;R$ 382,27;HS;-;R$ 359,27;R$ 26,58;R$ 616,29;Reservada;https://wa.me/5517996482578?text=Ol%C3%A1%20Martins%21%20Vi%20no%20site%20a%20carta%20de%20Ve%C3%ADculo%20%28ID%3A%209355%29%20com%20Cr%C3%A9dito%20de%20R%24%2025.148%2C55%20e%20Entrada%20de%20R%24%2012.322%2C00.%20Ainda%20est%C3%A1%20dispon%C3%ADvel%3F
9079;Veículo;R$ 25.057,05;R$ 12.570,00;36;R$ 738,25;HS;-;R$ 357,96;R$ 23,39;R$ 3.325,72;Reservada;https://wa.me/5517996482578?text=Ol%C3%A1%20Martins%21%20Vi%20no%20site%20a%20carta%20de%20Ve%C3%ADculo%20%28ID%3A%209079%29%20com%20Cr%C3%A9dito%20de%20R%24%2025.057%2C05%20e%20Entrada%20de%20R%24%2012.570%2C00.%20Ainda%20est%C3%A1%20dispon%C3%ADvel%3F
8003;Veículo;R$ 24.690,27;R$ 13.000,00;11;R$ 2.236,65;HS;-;R$ 352,72;R$ 21,65;R$ 3.385,92;Reservada;https://wa.me/5517996482578?text=Ol%C3%A1%20Martins%21%20Vi%20no%20site%20a%20carta%20de%20Ve%C3%ADculo%20%28ID%3A%208003%29%20com%20Cr%C3%A9dito%20de%20R%24%2024.690%2C27%20e%20Entrada%20de%20R%24%2013.000%2C00.%20Ainda%20est%C3%A1%20dispon%C3%ADvel%3F
9271;Veículo;R$ 24.534,40;R$ 12.022,00;88;R$ 318,20;HS;-;R$ 350,49;R$ 24,64;R$ 1.972,00;Reservada;https://wa.me/5517996482578?text=Ol%C3%A1%20Martins%21%20Vi%20no%20site%20a%20carta%20de%20Ve%C3%ADculo%20%28ID%3A%209271%29%20com%20Cr%C3%A9dito%20de%20R%24%2024.534%2C40%20e%20Entrada%20de%20R%24%2012.022%2C00.%20Ainda%20est%C3%A1%20dispon%C3%ADvel%3F
9075;Veículo;R$ 24.534,40;R$ 12.025,00;92;R$ 312,94;HS;-;R$ 350,49;R$ 25,34;R$ 1.183,18;Reservada;https://wa.me/5517996482578?text=Ol%C3%A1%20Martins%21%20Vi%20no%20site%20a%20carta%20de%20Ve%C3%ADculo%20%28ID%3A%209075%29%20com%20Cr%C3%A9dito%20de%20R%24%2024.534%2C40%20e%20Entrada%20de%20R%24%2012.025%2C00.%20Ainda%20est%C3%A1%20dispon%C3%ADvel%3F
8059;Veículo;R$ 24.417,45;R$ 11.700,00;55;R$ 525,33;HS;-;R$ 348,82;R$ 25,43;R$ 7.732,31;Reservada;https://wa.me/5517996482578?text=Ol%C3%A1%20Martins%21%20Vi%20no%20site%20a%20carta%20de%20Ve%C3%ADculo%20%28ID%3A%208059%29%20com%20Cr%C3%A9dito%20de%20R%24%2024.417%2C45%20e%20Entrada%20de%20R%24%2011.700%2C00.%20Ainda%20est%C3%A1%20dispon%C3%ADvel%3F
9323;Veículo;R$ 24.092,18;R$ 11.806,00;53;R$ 505,77;HS;-;R$ 344,17;R$ 23,59;R$ 3.279,43;Reservada;https://wa.me/5517996482578?text=Ol%C3%A1%20Martins%21%20Vi%20no%20site%20a%20carta%20de%20Ve%C3%ADculo%20%28ID%3A%209323%29%20com%20Cr%C3%A9dito%20de%20R%24%2024.092%2C18%20e%20Entrada%20de%20R%24%2011.806%2C00.%20Ainda%20est%C3%A1%20dispon%C3%ADvel%3F
9122;Veículo;R$ 23.566,80;R$ 11.690,00;53;R$ 516,35;HS;-;R$ 336,67;R$ 24,08;R$ 1.842,22;Reservada;https://wa.me/5517996482578?text=Ol%C3%A1%20Martins%21%20Vi%20no%20site%20a%20carta%20de%20Ve%C3%ADculo%20%28ID%3A%209122%29%20com%20Cr%C3%A9dito%20de%20R%24%2023.566%2C80%20e%20Entrada%20de%20R%24%2011.690%2C00.%20Ainda%20est%C3%A1%20dispon%C3%ADvel%3F
9144;Veículo;R$ 23.261,38;R$ 11.660,00;55;R$ 481,26;HS;-;R$ 332,31;R$ 23,29;R$ 2.171,73;Reservada;https://wa.me/5517996482578?text=Ol%C3%A1%20Martins%21%20Vi%20no%20site%20a%20carta%20de%20Ve%C3%ADculo%20%28ID%3A%209144%29%20com%20Cr%C3%A9dito%20de%20R%24%2023.261%2C38%20e%20Entrada%20de%20R%24%2011.660%2C00.%20Ainda%20est%C3%A1%20dispon%C3%ADvel%3F
9153;Veículo;R$ 21.890,37;R$ 11.015,00;55;R$ 469,80;HS;-;R$ 312,72;R$ 22,74;R$ 1.539,86;Reservada;https://wa.me/5517996482578?text=Ol%C3%A1%20Martins%21%20Vi%20no%20site%20a%20carta%20de%20Ve%C3%ADculo%20%28ID%3A%209153%29%20com%20Cr%C3%A9dito%20de%20R%24%2021.890%2C37%20e%20Entrada%20de%20R%24%2011.015%2C00.%20Ainda%20est%C3%A1%20dispon%C3%ADvel%3F
5058;Veículo;R$ 6.866,28;R$ 4.000,00;8;R$ 1.231,10;HS;-;R$ 98,09;R$ 8,67;R$ 3.500,00;Reservada;https://wa.me/5517996482578?text=Ol%C3%A1%20Martins%21%20Vi%20no%20site%20a%20carta%20de%20Ve%C3%ADculo%20%28ID%3A%205058%29%20com%20Cr%C3%A9dito%20de%20R%24%206.866%2C28%20e%20Entrada%20de%20R%24%204.000%2C00.%20Ainda%20est%C3%A1%20dispon%C3%ADvel%3F
